recording,segment_index,start_sec,end_sec,predicted_class,confidence,prob_roar,prob_rumble,prob_trumpet
04-040920-02_vehicle_1.wav,1,0.0,6.0,Rumble,0.624681,0.325426,0.624681,0.049893
04-040920-02_vehicle_1.wav,2,6.0,12.0,Rumble,0.812887,0.171239,0.812887,0.015874
04-040920-02_vehicle_1.wav,3,12.0,18.0,Rumble,0.860683,0.129474,0.860683,0.009842
04-040920-02_vehicle_1.wav,4,18.0,24.0,Rumble,0.900997,0.090217,0.900997,0.008786
04-040920-02_vehicle_1.wav,5,24.0,30.0,Rumble,0.924817,0.066741,0.924817,0.008442
04-040920-02_vehicle_1.wav,6,30.0,36.0,Rumble,0.772615,0.227377,0.772615,8e-06
04-040920-02_vehicle_1.wav,7,36.0,42.0,Rumble,0.709074,0.290809,0.709074,0.000117
04-040920-02_vehicle_1.wav,8,42.0,48.0,Rumble,0.898322,0.087066,0.898322,0.014612
04-040920-02_vehicle_1.wav,9,48.0,54.0,Rumble,0.904163,0.079888,0.904163,0.01595
04-040920-02_vehicle_1.wav,10,54.0,57.53,Rumble,0.775124,0.180957,0.775124,0.043919
04-040920-02_vehicle_2.wav,1,0.0,6.0,Rumble,0.800454,0.073737,0.800454,0.125809
04-040920-02_vehicle_2.wav,2,6.0,12.0,Rumble,0.802755,0.124969,0.802755,0.072276
04-040920-02_vehicle_2.wav,3,12.0,18.0,Rumble,0.871618,0.08614,0.871618,0.042242
04-040920-02_vehicle_2.wav,4,18.0,24.0,Rumble,0.886767,0.084052,0.886767,0.029181
04-040920-02_vehicle_2.wav,5,24.0,30.0,Rumble,0.835006,0.164301,0.835006,0.000693
04-040920-02_vehicle_2.wav,6,30.0,36.0,Rumble,0.852131,0.147045,0.852131,0.000824
04-040920-02_vehicle_2.wav,7,36.0,42.0,Rumble,0.886604,0.089643,0.886604,0.023754
04-040920-02_vehicle_2.wav,8,42.0,48.0,Rumble,0.884354,0.090347,0.884354,0.025299
04-040920-02_vehicle_2.wav,9,48.0,51.474,Rumble,0.71263,0.256955,0.71263,0.030416
04-040920-03_vehicle_noise_1.wav,1,0.0,6.0,Rumble,0.811165,0.160726,0.811165,0.028109
04-040920-03_vehicle_noise_1.wav,2,6.0,12.0,Rumble,0.811907,0.155139,0.811907,0.032954
04-040920-03_vehicle_noise_1.wav,3,12.0,18.0,Rumble,0.837928,0.136117,0.837928,0.025956
04-040920-03_vehicle_noise_1.wav,4,18.0,24.0,Rumble,0.838242,0.138918,0.838242,0.02284
04-040920-03_vehicle_noise_1.wav,5,24.0,30.0,Rumble,0.508173,0.491827,0.508173,0.0
04-040920-03_vehicle_noise_1.wav,6,30.0,36.0,Rumble,0.88821,0.109681,0.88821,0.00211
04-040920-03_vehicle_noise_1.wav,7,36.0,42.0,Rumble,0.860368,0.113442,0.860368,0.02619
04-040920-03_vehicle_noise_1.wav,8,42.0,48.0,Rumble,0.841423,0.125895,0.841423,0.032683
04-040920-03_vehicle_noise_1.wav,9,48.0,54.0,Rumble,0.856399,0.114588,0.856399,0.029013
04-040920-03_vehicle_noise_1.wav,10,54.0,60.0,Rumble,0.865943,0.103191,0.865943,0.030866
04-040920-03_vehicle_noise_1.wav,11,60.0,66.0,Rumble,0.863532,0.104945,0.863532,0.031522
04-040920-03_vehicle_noise_1.wav,12,66.0,72.0,Rumble,0.879204,0.095912,0.879204,0.024884
04-040920-03_vehicle_noise_1.wav,13,72.0,78.0,Rumble,0.849357,0.117915,0.849357,0.032728
04-040920-03_vehicle_noise_1.wav,14,78.0,84.0,Rumble,0.839461,0.122399,0.839461,0.03814
04-040920-03_vehicle_noise_1.wav,15,84.0,90.0,Rumble,0.890687,0.07811,0.890687,0.031203
04-040920-03_vehicle_noise_1.wav,16,90.0,96.0,Rumble,0.87687,0.092788,0.87687,0.030343
04-040920-03_vehicle_noise_1.wav,17,96.0,102.0,Rumble,0.877324,0.093614,0.877324,0.029062
04-040920-03_vehicle_noise_1.wav,18,102.0,108.0,Rumble,0.887525,0.086743,0.887525,0.025731
04-040920-03_vehicle_noise_1.wav,19,108.0,114.0,Rumble,0.865907,0.110147,0.865907,0.023945
04-040920-03_vehicle_noise_1.wav,20,114.0,120.0,Rumble,0.881877,0.08884,0.881877,0.029283
04-040920-03_vehicle_noise_1.wav,21,120.0,126.0,Rumble,0.911543,0.080359,0.911543,0.008097
04-040920-03_vehicle_noise_1.wav,22,126.0,132.0,Rumble,0.878936,0.105016,0.878936,0.016048
04-040920-03_vehicle_noise_1.wav,23,132.0,138.0,Rumble,0.894204,0.084161,0.894204,0.021635
04-040920-03_vehicle_noise_1.wav,24,138.0,144.0,Rumble,0.918022,0.069738,0.918022,0.012241
04-040920-03_vehicle_noise_1.wav,25,144.0,150.0,Rumble,0.903591,0.084756,0.903591,0.011652
04-040920-03_vehicle_noise_1.wav,26,150.0,156.0,Rumble,0.898079,0.079848,0.898079,0.022074
04-040920-03_vehicle_noise_1.wav,27,156.0,162.0,Rumble,0.882592,0.088031,0.882592,0.029377
04-040920-03_vehicle_noise_1.wav,28,162.0,168.0,Rumble,0.835379,0.129482,0.835379,0.035139
04-061218-25_vehicle_noise_1.wav,1,0.0,6.0,Rumble,0.796079,0.155469,0.796079,0.048452
04-061218-25_vehicle_noise_1.wav,2,6.0,12.0,Rumble,0.851482,0.110666,0.851482,0.037852
04-061218-25_vehicle_noise_1.wav,3,12.0,18.0,Rumble,0.883554,0.11543,0.883554,0.001017
04-061218-25_vehicle_noise_1.wav,4,18.0,24.0,Rumble,0.875646,0.112121,0.875646,0.012232
04-061218-25_vehicle_noise_1.wav,5,24.0,30.0,Rumble,0.896293,0.101902,0.896293,0.001805
04-061218-25_vehicle_noise_1.wav,6,30.0,36.0,Rumble,0.891217,0.108569,0.891217,0.000214
04-061218-25_vehicle_noise_1.wav,7,36.0,42.0,Rumble,0.883173,0.115825,0.883173,0.001001
04-061218-25_vehicle_noise_1.wav,8,42.0,48.0,Rumble,0.858779,0.137445,0.858779,0.003776
04-061218-25_vehicle_noise_1.wav,9,48.0,54.0,Rumble,0.848921,0.130944,0.848921,0.020135
04-061218-25_vehicle_noise_1.wav,10,54.0,60.0,Rumble,0.88204,0.094198,0.88204,0.023761
04-061218-25_vehicle_noise_1.wav,11,60.0,66.0,Rumble,0.905569,0.072612,0.905569,0.021819
04-061218-25_vehicle_noise_1.wav,12,66.0,72.0,Rumble,0.904406,0.089033,0.904406,0.006561
04-061218-25_vehicle_noise_1.wav,13,72.0,78.0,Rumble,0.902472,0.089234,0.902472,0.008294
04-061218-25_vehicle_noise_1.wav,14,78.0,84.0,Rumble,0.829193,0.169934,0.829193,0.000873
04-061218-25_vehicle_noise_1.wav,15,84.0,90.0,Rumble,0.801172,0.198711,0.801172,0.000118
04-061218-25_vehicle_noise_1.wav,16,90.0,96.0,Rumble,0.718502,0.281472,0.718502,2.7e-05
04-061218-25_vehicle_noise_1.wav,17,96.0,102.0,Roar,0.593612,0.593612,0.406386,2e-06
04-061218-25_vehicle_noise_1.wav,18,102.0,108.0,Rumble,0.772708,0.227242,0.772708,5.1e-05
04-061218-25_vehicle_noise_1.wav,19,108.0,114.0,Rumble,0.852615,0.147223,0.852615,0.000162
04-061218-25_vehicle_noise_1.wav,20,114.0,120.0,Rumble,0.911709,0.087062,0.911709,0.001229
04-061218-25_vehicle_noise_1.wav,21,120.0,126.0,Rumble,0.926233,0.071423,0.926233,0.002344
04-061218-25_vehicle_noise_1.wav,22,126.0,132.0,Rumble,0.889939,0.0902,0.889939,0.019862
04-061218-25_vehicle_noise_1.wav,23,132.0,138.0,Rumble,0.868185,0.115702,0.868185,0.016113
04-061218-25_vehicle_noise_1.wav,24,138.0,144.0,Rumble,0.881267,0.104919,0.881267,0.013815
04-061218-25_vehicle_noise_1.wav,25,144.0,150.0,Rumble,0.889536,0.089305,0.889536,0.021159
061220-24_airplane_01.wav,1,0.0,6.0,Rumble,0.877307,0.111134,0.877307,0.011559
061220-24_airplane_01.wav,2,6.0,12.0,Rumble,0.883008,0.104873,0.883008,0.01212
061220-24_airplane_01.wav,3,12.0,18.0,Rumble,0.895884,0.085836,0.895884,0.01828
061220-24_airplane_01.wav,4,18.0,24.0,Rumble,0.83708,0.081801,0.83708,0.081119
061220-24_airplane_01.wav,5,24.0,30.0,Rumble,0.869617,0.076707,0.869617,0.053676
061220-24_airplane_01.wav,6,30.0,36.0,Rumble,0.787935,0.078621,0.787935,0.133443
061220-24_airplane_01.wav,7,36.0,42.0,Rumble,0.82694,0.096776,0.82694,0.076284
061220-24_airplane_01.wav,8,42.0,45.833,Rumble,0.749756,0.176472,0.749756,0.073772
090224-09_generator_01.wav,1,0.0,6.0,Rumble,0.902774,0.082682,0.902774,0.014544
090224-09_generator_01.wav,2,6.0,12.0,Rumble,0.888158,0.094427,0.888158,0.017415
090224-09_generator_01.wav,3,12.0,18.0,Rumble,0.887404,0.086839,0.887404,0.025757
090224-09_generator_01.wav,4,18.0,24.0,Rumble,0.856427,0.118307,0.856427,0.025266
090224-09_generator_01.wav,5,24.0,30.0,Rumble,0.823614,0.168098,0.823614,0.008289
090224-09_generator_01.wav,6,30.0,36.0,Rumble,0.834581,0.155924,0.834581,0.009496
090224-09_generator_01.wav,7,36.0,42.0,Rumble,0.783057,0.202759,0.783057,0.014184
090224-09_generator_01.wav,8,42.0,48.0,Rumble,0.811226,0.18058,0.811226,0.008194
090224-09_generator_01.wav,9,48.0,54.0,Rumble,0.876562,0.116725,0.876562,0.006713
090224-09_generator_01.wav,10,54.0,60.0,Rumble,0.808678,0.182175,0.808678,0.009147
090224-09_generator_01.wav,11,60.0,66.0,Rumble,0.825437,0.158375,0.825437,0.016188
090224-09_generator_01.wav,12,66.0,72.0,Rumble,0.798565,0.183644,0.798565,0.017791
090224-09_generator_01.wav,13,72.0,78.0,Rumble,0.768868,0.223222,0.768868,0.00791
090224-09_generator_01.wav,14,78.0,84.0,Rumble,0.793493,0.196135,0.793493,0.010372
090224-09_generator_01.wav,15,84.0,90.0,Rumble,0.779577,0.211613,0.779577,0.008811
090224-09_generator_01.wav,16,90.0,96.0,Rumble,0.791954,0.197974,0.791954,0.010072
090224-09_generator_01.wav,17,96.0,102.0,Rumble,0.823172,0.168304,0.823172,0.008524
090224-09_generator_01.wav,18,102.0,108.0,Rumble,0.813538,0.180057,0.813538,0.006405
090224-09_generator_01.wav,19,108.0,114.0,Rumble,0.873239,0.120374,0.873239,0.006387
090224-09_generator_01.wav,20,114.0,120.0,Rumble,0.79875,0.200885,0.79875,0.000365
090224-09_generator_01.wav,21,120.0,126.0,Rumble,0.877453,0.118824,0.877453,0.003723
090224-09_generator_01.wav,22,126.0,132.0,Rumble,0.857945,0.136738,0.857945,0.005317
090224-09_generator_01.wav,23,132.0,138.0,Rumble,0.828128,0.16838,0.828128,0.003492
090224-09_generator_01.wav,24,138.0,144.0,Rumble,0.848478,0.065113,0.848478,0.086409
090224-09_generator_01.wav,25,144.0,150.0,Rumble,0.889011,0.102695,0.889011,0.008293
090224-09_generator_01.wav,26,150.0,156.0,Rumble,0.894682,0.089323,0.894682,0.015995
090224-09_generator_01.wav,27,156.0,162.0,Rumble,0.906289,0.071795,0.906289,0.021915
090224-09_generator_01.wav,28,162.0,168.0,Rumble,0.834066,0.164926,0.834066,0.001007
090224-09_generator_01.wav,29,168.0,174.0,Rumble,0.782304,0.21197,0.782304,0.005726
090224-09_generator_01.wav,30,174.0,180.0,Rumble,0.728575,0.269999,0.728575,0.001425
090224-09_generator_01.wav,31,180.0,186.0,Rumble,0.81133,0.182683,0.81133,0.005987
090224-09_generator_01.wav,32,186.0,192.0,Rumble,0.806045,0.186655,0.806045,0.0073
090224-09_generator_01.wav,33,192.0,198.0,Rumble,0.772514,0.22494,0.772514,0.002545
090224-09_generator_01.wav,34,198.0,204.0,Rumble,0.79489,0.196898,0.79489,0.008212
090224-09_generator_01.wav,35,204.0,210.0,Rumble,0.832092,0.159015,0.832092,0.008894
090224-09_generator_01.wav,36,210.0,216.0,Rumble,0.836061,0.143111,0.836061,0.020827
090224-09_generator_01.wav,37,216.0,222.0,Rumble,0.856849,0.118373,0.856849,0.024779
090224-09_generator_01.wav,38,222.0,228.0,Rumble,0.819314,0.064504,0.819314,0.116181
090224-09_generator_01.wav,39,228.0,234.0,Rumble,0.852579,0.070354,0.852579,0.077067
090224-09_generator_01.wav,40,234.0,240.0,Rumble,0.836961,0.082706,0.836961,0.080334
090224-09_generator_01.wav,41,240.0,246.0,Rumble,0.793968,0.088098,0.793968,0.117934
090224-09_generator_01.wav,42,246.0,252.0,Rumble,0.794403,0.052806,0.794403,0.15279
090224-09_generator_01.wav,43,252.0,258.0,Rumble,0.843733,0.065177,0.843733,0.091091
090224-09_generator_01.wav,44,258.0,264.0,Rumble,0.85348,0.074075,0.85348,0.072445
090224-09_generator_01.wav,45,264.0,270.0,Rumble,0.764977,0.059773,0.764977,0.17525
090224-09_generator_01.wav,46,270.0,276.0,Rumble,0.800962,0.061359,0.800962,0.137679
090224-09_generator_01.wav,47,276.0,282.0,Rumble,0.861748,0.113954,0.861748,0.024299
090224-09_generator_01.wav,48,282.0,288.0,Rumble,0.79817,0.185889,0.79817,0.015941
090224-09_generator_01.wav,49,288.0,294.0,Rumble,0.858083,0.098595,0.858083,0.043322
090224-09_generator_01.wav,50,294.0,300.0,Rumble,0.795157,0.200797,0.795157,0.004046
090224-09_generator_01.wav,51,300.0,306.0,Rumble,0.803105,0.188668,0.803105,0.008227
090224-09_generator_01.wav,52,306.0,312.0,Rumble,0.860979,0.131554,0.860979,0.007467
090224-09_generator_01.wav,53,312.0,318.0,Rumble,0.867625,0.123913,0.867625,0.008462
090224-09_generator_01.wav,54,318.0,324.0,Rumble,0.856126,0.125645,0.856126,0.018229
090224-09_generator_01.wav,55,324.0,330.0,Rumble,0.854629,0.111578,0.854629,0.033793
090224-09_generator_01.wav,56,330.0,336.0,Rumble,0.794588,0.06498,0.794588,0.140432
090224-09_generator_01.wav,57,336.0,342.0,Rumble,0.780508,0.066115,0.780508,0.153377
090224-09_generator_01.wav,58,342.0,348.0,Rumble,0.8482,0.077829,0.8482,0.073971
090224-09_generator_01.wav,59,348.0,354.0,Rumble,0.863094,0.098438,0.863094,0.038468
090224-09_generator_01.wav,60,354.0,360.0,Rumble,0.833965,0.07391,0.833965,0.092126
090224-09_generator_01.wav,61,360.0,366.0,Rumble,0.788393,0.068175,0.788393,0.143432
090224-09_generator_01.wav,62,366.0,372.0,Rumble,0.834112,0.077828,0.834112,0.088061
090224-09_generator_01.wav,63,372.0,378.0,Rumble,0.774076,0.054233,0.774076,0.171691
090224-09_generator_01.wav,64,378.0,384.0,Rumble,0.763926,0.055465,0.763926,0.180609
090224-09_generator_01.wav,65,384.0,390.0,Rumble,0.844192,0.068476,0.844192,0.087332
090224-09_generator_01.wav,66,390.0,396.0,Rumble,0.819269,0.084478,0.819269,0.096253
090224-09_generator_01.wav,67,396.0,402.0,Rumble,0.830934,0.11604,0.830934,0.053027
090224-09_generator_01.wav,68,402.0,408.0,Rumble,0.83147,0.138401,0.83147,0.030129
090224-09_generator_01.wav,69,408.0,411.058,Rumble,0.677649,0.282472,0.677649,0.039879
1989-06_airplane_01.wav,1,0.0,6.0,Rumble,0.759378,0.235709,0.759378,0.004914
1989-06_airplane_01.wav,2,6.0,12.0,Rumble,0.697621,0.30075,0.697621,0.00163
1989-06_airplane_01.wav,3,12.0,18.0,Rumble,0.768296,0.220517,0.768296,0.011188
1989-06_airplane_01.wav,4,18.0,24.0,Rumble,0.856602,0.14067,0.856602,0.002728
1989-06_airplane_01.wav,5,24.0,30.0,Rumble,0.754026,0.241901,0.754026,0.004074
1989-06_airplane_01.wav,6,30.0,36.0,Rumble,0.682905,0.313806,0.682905,0.00329
1989-06_airplane_01.wav,7,36.0,42.0,Rumble,0.659357,0.335666,0.659357,0.004978
1989-06_airplane_01.wav,8,42.0,48.0,Rumble,0.809499,0.16307,0.809499,0.027431
1989-06_airplane_01.wav,9,48.0,54.0,Rumble,0.705433,0.283588,0.705433,0.010979
1989-06_airplane_01.wav,10,54.0,60.0,Rumble,0.814393,0.149225,0.814393,0.036381
1989-06_airplane_01.wav,11,60.0,66.0,Rumble,0.616624,0.374205,0.616624,0.009171
1989-06_airplane_01.wav,12,66.0,72.0,Rumble,0.691832,0.296134,0.691832,0.012034
1989-06_airplane_01.wav,13,72.0,78.0,Rumble,0.656316,0.331061,0.656316,0.012623
1989-06_airplane_01.wav,14,78.0,83.038,Rumble,0.550651,0.441958,0.550651,0.007391
1989-08_airplane_01.wav,1,0.0,6.0,Rumble,0.696086,0.29544,0.696086,0.008474
1989-08_airplane_01.wav,2,6.0,12.0,Rumble,0.494704,0.493686,0.494704,0.01161
1989-08_airplane_01.wav,3,12.0,18.0,Roar,0.517295,0.517295,0.478351,0.004355
1989-08_airplane_01.wav,4,18.0,24.0,Rumble,0.519369,0.453754,0.519369,0.026877
1989-08_airplane_01.wav,5,24.0,30.0,Rumble,0.509937,0.462279,0.509937,0.027784
1989-08_airplane_01.wav,6,30.0,36.0,Rumble,0.572842,0.414154,0.572842,0.013003
1989-08_airplane_01.wav,7,36.0,42.0,Rumble,0.595138,0.389491,0.595138,0.015371
1989-08_airplane_01.wav,8,42.0,48.0,Rumble,0.584866,0.380363,0.584866,0.034771
1989-08_airplane_01.wav,9,48.0,54.0,Rumble,0.524018,0.461155,0.524018,0.014827
1989-08_airplane_01.wav,10,54.0,60.0,Rumble,0.567666,0.409132,0.567666,0.023202
1989-08_airplane_01.wav,11,60.0,66.0,Rumble,0.534718,0.417884,0.534718,0.047398
1989-08_airplane_01.wav,12,66.0,72.0,Rumble,0.536931,0.399903,0.536931,0.063166
1989-08_airplane_01.wav,13,72.0,78.0,Rumble,0.52499,0.425582,0.52499,0.049428
1989-08_airplane_01.wav,14,78.0,84.0,Rumble,0.540482,0.423216,0.540482,0.036302
1989-08_airplane_01.wav,15,84.0,90.0,Rumble,0.565039,0.406334,0.565039,0.028626
1989-08_airplane_01.wav,16,90.0,96.0,Rumble,0.546193,0.410556,0.546193,0.043251
1989-08_airplane_01.wav,17,96.0,102.0,Rumble,0.544883,0.402668,0.544883,0.05245
1989-08_airplane_01.wav,18,102.0,108.0,Rumble,0.532816,0.40353,0.532816,0.063654
1989-08_airplane_01.wav,19,108.0,114.0,Rumble,0.537262,0.397194,0.537262,0.065544
1989-08_airplane_02.wav,1,0.0,6.0,Rumble,0.878698,0.120952,0.878698,0.00035
1989-08_airplane_02.wav,2,6.0,12.0,Rumble,0.783085,0.21516,0.783085,0.001756
1989-08_airplane_02.wav,3,12.0,18.0,Rumble,0.7999,0.200016,0.7999,8.4e-05
1989-08_airplane_02.wav,4,18.0,24.0,Rumble,0.742099,0.253565,0.742099,0.004336
1989-08_airplane_02.wav,5,24.0,30.0,Rumble,0.655672,0.341436,0.655672,0.002891
1989-08_airplane_02.wav,6,30.0,36.0,Rumble,0.749273,0.248888,0.749273,0.001839
1989-08_airplane_02.wav,7,36.0,42.0,Rumble,0.84254,0.155652,0.84254,0.001807
1989-08_airplane_03.wav,1,0.0,6.0,Rumble,0.872419,0.127451,0.872419,0.00013
1989-08_airplane_03.wav,2,6.0,12.0,Rumble,0.748339,0.251457,0.748339,0.000204
1989-08_airplane_03.wav,3,12.0,18.0,Rumble,0.796532,0.202632,0.796532,0.000836
1989-08_airplane_03.wav,4,18.0,24.0,Rumble,0.672014,0.323193,0.672014,0.004792
1989-08_airplane_03.wav,5,24.0,30.0,Rumble,0.616409,0.381158,0.616409,0.002433
1989-08_airplane_03.wav,6,30.0,36.0,Rumble,0.848053,0.150127,0.848053,0.001819
1989-08_airplane_03.wav,7,36.0,42.0,Rumble,0.764424,0.233507,0.764424,0.002069
1989-08_airplane_03.wav,8,42.0,48.0,Rumble,0.815719,0.165859,0.815719,0.018422
1989-08_airplane_03.wav,9,48.0,54.0,Rumble,0.825374,0.162677,0.825374,0.01195
1989-08_airplane_03.wav,10,54.0,60.0,Rumble,0.821039,0.165548,0.821039,0.013414
1989-08_airplane_03.wav,11,60.0,66.0,Rumble,0.621827,0.37159,0.621827,0.006583
1989-08_airplane_03.wav,12,66.0,72.0,Rumble,0.595467,0.399512,0.595467,0.005021
1989-08_airplane_03.wav,13,72.0,78.0,Rumble,0.514024,0.481558,0.514024,0.004417
1989-08_airplane_03.wav,14,78.0,84.0,Rumble,0.801683,0.176577,0.801683,0.02174
1989-08_airplane_03.wav,15,84.0,90.0,Rumble,0.833117,0.147634,0.833117,0.019249
1989-08_airplane_03.wav,16,90.0,96.0,Rumble,0.681529,0.310717,0.681529,0.007754
1989-08_airplane_03.wav,17,96.0,102.0,Rumble,0.673671,0.320767,0.673671,0.005562
1989-08_airplane_03.wav,18,102.0,108.0,Rumble,0.695832,0.291306,0.695832,0.012862
1989-08_airplane_03.wav,19,108.0,114.0,Rumble,0.622924,0.361618,0.622924,0.015458
1989-08_airplane_03.wav,20,114.0,120.0,Rumble,0.661018,0.319823,0.661018,0.019159
1989-08_airplane_03.wav,21,120.0,126.0,Rumble,0.788123,0.188932,0.788123,0.022945
1989-08_airplane_03.wav,22,126.0,132.0,Rumble,0.854895,0.088682,0.854895,0.056423
1989-08_airplane_03.wav,23,132.0,138.0,Rumble,0.781622,0.199551,0.781622,0.018827
1989-08_airplane_03.wav,24,138.0,144.0,Rumble,0.733187,0.259502,0.733187,0.007311
1989-08_airplane_03.wav,25,144.0,150.0,Rumble,0.833879,0.150677,0.833879,0.015444
1989-08_airplane_03.wav,26,150.0,156.0,Rumble,0.845141,0.127391,0.845141,0.027468
1989-08_airplane_03.wav,27,156.0,162.0,Rumble,0.864379,0.108037,0.864379,0.027585
1989-08_airplane_03.wav,28,162.0,168.0,Rumble,0.824515,0.156146,0.824515,0.019339
1989-08_airplane_03.wav,29,168.0,174.0,Rumble,0.812575,0.15757,0.812575,0.029854
1989-08_airplane_03.wav,30,174.0,180.0,Rumble,0.829362,0.150057,0.829362,0.020581
1989-08_airplane_03.wav,31,180.0,186.0,Rumble,0.861257,0.101537,0.861257,0.037206
1989-08_airplane_03.wav,32,186.0,192.0,Rumble,0.756763,0.220834,0.756763,0.022403
2000-23_background_and_vehicle_noise_2.wav,1,0.0,6.0,Rumble,0.911116,0.077305,0.911116,0.011579
2000-23_background_and_vehicle_noise_2.wav,2,6.0,12.0,Rumble,0.905895,0.075551,0.905895,0.018554
2000-23_background_and_vehicle_noise_2.wav,3,12.0,18.0,Rumble,0.903841,0.071103,0.903841,0.025056
2000-23_background_and_vehicle_noise_2.wav,4,18.0,24.0,Rumble,0.878394,0.096979,0.878394,0.024628
2000-23_background_and_vehicle_noise_2.wav,5,24.0,30.0,Trumpet,0.997706,0.002293,1e-06,0.997706
2000-23_background_and_vehicle_noise_2.wav,6,30.0,36.0,Trumpet,0.986893,0.013107,0.0,0.986893
2000-23_background_and_vehicle_noise_2.wav,7,36.0,42.0,Rumble,0.900986,0.091374,0.900986,0.00764
2000-23_background_and_vehicle_noise_2.wav,8,42.0,48.0,Rumble,0.893331,0.100897,0.893331,0.005773
2000-23_background_and_vehicle_noise_2.wav,9,48.0,54.0,Rumble,0.875051,0.116,0.875051,0.00895
2000-23_background_and_vehicle_noise_2.wav,10,54.0,60.0,Rumble,0.852432,0.097317,0.852432,0.050251
2000-23_background_and_vehicle_noise_2.wav,11,60.0,66.0,Rumble,0.821241,0.138877,0.821241,0.039883
2000-23_background_noise_1.wav,1,0.0,6.0,Rumble,0.867386,0.057528,0.867386,0.075086
2000-23_background_noise_1.wav,2,6.0,12.0,Rumble,0.874234,0.068431,0.874234,0.057336
2000-23_background_noise_1.wav,3,12.0,18.0,Rumble,0.885595,0.069973,0.885595,0.044432
2000-23_background_noise_1.wav,4,18.0,24.0,Rumble,0.894897,0.068254,0.894897,0.036849
2000-23_background_noise_1.wav,5,24.0,30.0,Rumble,0.867486,0.126669,0.867486,0.005845
2000-23_background_noise_1.wav,6,30.0,36.0,Rumble,0.864839,0.084227,0.864839,0.050933
2000-23_background_vehicle_noise.wav,1,0.0,6.0,Rumble,0.887445,0.089501,0.887445,0.023054
2000-23_background_vehicle_noise.wav,2,6.0,12.0,Rumble,0.88322,0.067631,0.88322,0.049149
2000-23_background_vehicle_noise.wav,3,12.0,18.0,Rumble,0.870367,0.058394,0.870367,0.071239
2000-23_background_vehicle_noise.wav,4,18.0,24.0,Rumble,0.911117,0.054654,0.911117,0.034229
2000-23_background_vehicle_noise.wav,5,24.0,30.0,Rumble,0.894199,0.050688,0.894199,0.055113
2000-23_background_vehicle_noise.wav,6,30.0,36.0,Rumble,0.887398,0.06242,0.887398,0.050182
2000-23_background_vehicle_noise.wav,7,36.0,42.0,Rumble,0.893199,0.069354,0.893199,0.037448
2000-23_background_vehicle_noise.wav,8,42.0,45.838,Rumble,0.783149,0.144284,0.783149,0.072567
2000-23_vehicle_noise_1.wav,1,0.0,6.0,Rumble,0.797562,0.165456,0.797562,0.036982
2000-23_vehicle_noise_1.wav,2,6.0,12.0,Rumble,0.854316,0.087808,0.854316,0.057876
2000-23_vehicle_noise_1.wav,3,12.0,18.0,Rumble,0.76454,0.221087,0.76454,0.014373
2000-23_vehicle_noise_1.wav,4,18.0,24.0,Rumble,0.823788,0.156779,0.823788,0.019433
2000-23_vehicle_noise_1.wav,5,24.0,30.0,Rumble,0.81638,0.152528,0.81638,0.031092
2000-23_vehicle_noise_1.wav,6,30.0,36.0,Rumble,0.805964,0.165862,0.805964,0.028174
2000-23_vehicle_noise_1.wav,7,36.0,42.0,Rumble,0.888945,0.091484,0.888945,0.019571
2000-23_vehicle_noise_1.wav,8,42.0,48.0,Rumble,0.877239,0.117426,0.877239,0.005335
2000-23_vehicle_noise_1.wav,9,48.0,54.0,Rumble,0.883685,0.115282,0.883685,0.001033
2000-23_vehicle_noise_1.wav,10,54.0,60.0,Rumble,0.857041,0.142768,0.857041,0.000191
2000-23_vehicle_noise_1.wav,11,60.0,66.0,Rumble,0.773285,0.226706,0.773285,9e-06
2000-23_vehicle_noise_1.wav,12,66.0,72.0,Rumble,0.61541,0.384586,0.61541,4e-06
2000-23_vehicle_noise_1.wav,13,72.0,78.0,Rumble,0.809493,0.190455,0.809493,5.2e-05
2000-23_vehicle_noise_1.wav,14,78.0,84.0,Rumble,0.878091,0.121198,0.878091,0.000711
2000-23_vehicle_noise_1.wav,15,84.0,90.0,Rumble,0.900447,0.098723,0.900447,0.000831
2000-23_vehicle_noise_1.wav,16,90.0,96.0,Rumble,0.919511,0.078279,0.919511,0.00221
2000-23_vehicle_noise_1.wav,17,96.0,102.0,Rumble,0.913357,0.08234,0.913357,0.004304
2000-23_vehicle_noise_1.wav,18,102.0,108.0,Rumble,0.922597,0.063219,0.922597,0.014184
2000-23_vehicle_noise_1.wav,19,108.0,114.0,Rumble,0.901709,0.062488,0.901709,0.035803
2000-23_vehicle_noise_1.wav,20,114.0,120.0,Rumble,0.848622,0.082728,0.848622,0.06865
2000-23_vehicle_noise_1.wav,21,120.0,126.0,Rumble,0.85523,0.095799,0.85523,0.048972
2000-23_vehicle_noise_1.wav,22,126.0,132.0,Rumble,0.875188,0.088308,0.875188,0.036503
2000-23_vehicle_noise_1.wav,23,132.0,138.0,Rumble,0.875591,0.123315,0.875591,0.001094
2000-23_vehicle_noise_1.wav,24,138.0,144.0,Rumble,0.771742,0.228245,0.771742,1.3e-05
2000-23_vehicle_noise_1.wav,25,144.0,150.0,Rumble,0.815699,0.184001,0.815699,0.0003
2000-23_vehicle_noise_1.wav,26,150.0,156.0,Rumble,0.833256,0.166555,0.833256,0.000188
2000-23_vehicle_noise_1.wav,27,156.0,162.0,Rumble,0.899331,0.09744,0.899331,0.003229
2000-23_vehicle_noise_1.wav,28,162.0,168.0,Rumble,0.912048,0.068749,0.912048,0.019203
2000-23_vehicle_noise_1.wav,29,168.0,174.0,Rumble,0.893496,0.070836,0.893496,0.035668
2000-23_vehicle_noise_1.wav,30,174.0,180.0,Rumble,0.88736,0.068543,0.88736,0.044098
2000-23_vehicle_noise_1.wav,31,180.0,186.0,Rumble,0.87598,0.078647,0.87598,0.045373
2000-23_vehicle_noise_1.wav,32,186.0,192.0,Rumble,0.834948,0.071487,0.834948,0.093566
2000-23_vehicle_noise_1.wav,33,192.0,198.0,Rumble,0.824331,0.13151,0.824331,0.04416
2000-23_vehicle_noise_1.wav,34,198.0,204.0,Rumble,0.792606,0.173385,0.792606,0.034009
2000-23_vehicle_noise_1.wav,35,204.0,210.0,Rumble,0.7708,0.199591,0.7708,0.029609
2000-23_vehicle_noise_2.wav,1,0.0,6.0,Rumble,0.704422,0.25984,0.704422,0.035738
2000-23_vehicle_noise_2.wav,2,6.0,12.0,Rumble,0.804877,0.111695,0.804877,0.083428
2000-23_vehicle_noise_2.wav,3,12.0,18.0,Rumble,0.832886,0.125018,0.832886,0.042095
2000-23_vehicle_noise_2.wav,4,18.0,21.552,Rumble,0.71517,0.242476,0.71517,0.042354
2000-23_vehicle_noise_3.wav,1,0.0,6.0,Rumble,0.84263,0.104038,0.84263,0.053332
2000-23_vehicle_noise_3.wav,2,6.0,12.0,Rumble,0.901996,0.084003,0.901996,0.014
2000-23_vehicle_noise_3.wav,3,12.0,18.0,Rumble,0.835055,0.130063,0.835055,0.034882
2000-23_vehicle_noise_3.wav,4,18.0,24.0,Rumble,0.801264,0.164608,0.801264,0.034128
2000-23_vehicle_noise_3.wav,5,24.0,30.0,Rumble,0.875722,0.120054,0.875722,0.004224
2000-23_vehicle_noise_3.wav,6,30.0,36.0,Rumble,0.82059,0.143802,0.82059,0.035608
2000-23_vehicle_noise_4.wav,1,0.0,6.0,Rumble,0.891063,0.077951,0.891063,0.030986
2000-23_vehicle_noise_4.wav,2,6.0,12.0,Rumble,0.864907,0.133914,0.864907,0.001179
2000-23_vehicle_noise_4.wav,3,12.0,18.0,Rumble,0.855949,0.14236,0.855949,0.001691
2000-23_vehicle_noise_4.wav,4,18.0,24.0,Rumble,0.872813,0.113482,0.872813,0.013705
2000-23_vehicle_noise_4.wav,5,24.0,30.0,Rumble,0.878425,0.105551,0.878425,0.016024
2000-23_vehicle_noise_4.wav,6,30.0,36.0,Rumble,0.835362,0.080851,0.835362,0.083787
2000-23_vehicle_noise_4.wav,7,36.0,42.0,Rumble,0.867619,0.124093,0.867619,0.008287
2000-23_vehicle_noise_4.wav,8,42.0,48.0,Rumble,0.89588,0.077985,0.89588,0.026135
2000-23_vehicle_noise_4.wav,9,48.0,54.0,Rumble,0.870277,0.105241,0.870277,0.024481
2000-23_vehicle_noise_4.wav,10,54.0,60.0,Rumble,0.873023,0.10388,0.873023,0.023096
2000-23_vehicle_noise_4.wav,11,60.0,66.0,Rumble,0.822033,0.144001,0.822033,0.033966
2000-23_vehicle_noise_4.wav,12,66.0,72.0,Rumble,0.817755,0.150087,0.817755,0.032158
2000-24_generator_noise_1.wav,1,0.0,6.0,Rumble,0.809749,0.170471,0.809749,0.01978
2000-24_generator_noise_1.wav,2,6.0,12.0,Rumble,0.807642,0.173679,0.807642,0.01868
2000-24_generator_noise_1.wav,3,12.0,18.0,Rumble,0.777629,0.207043,0.777629,0.015327
2000-24_generator_noise_1.wav,4,18.0,24.0,Rumble,0.795979,0.186614,0.795979,0.017407
2000-24_generator_noise_1.wav,5,24.0,30.0,Rumble,0.815543,0.162278,0.815543,0.022179
2000-24_generator_noise_1.wav,6,30.0,36.0,Rumble,0.823426,0.152875,0.823426,0.0237
2000-24_generator_noise_1.wav,7,36.0,42.0,Rumble,0.842399,0.135047,0.842399,0.022553
2000-24_generator_noise_1.wav,8,42.0,48.0,Rumble,0.854952,0.120751,0.854952,0.024297
2000-24_generator_noise_1.wav,9,48.0,54.0,Rumble,0.813467,0.165465,0.813467,0.021068
2000-24_generator_noise_1.wav,10,54.0,60.0,Rumble,0.85846,0.113691,0.85846,0.027849
2000-24_generator_noise_1.wav,11,60.0,66.0,Rumble,0.844573,0.135751,0.844573,0.019676
2000-24_generator_noise_1.wav,12,66.0,72.0,Rumble,0.829676,0.149007,0.829676,0.021317
2000-24_generator_noise_1.wav,13,72.0,78.0,Rumble,0.820075,0.16136,0.820075,0.018565
2000-24_generator_noise_1.wav,14,78.0,84.0,Rumble,0.833695,0.145374,0.833695,0.020931
2000-24_generator_noise_1.wav,15,84.0,90.0,Rumble,0.811936,0.160141,0.811936,0.027923
2000-24_generator_noise_1.wav,16,90.0,96.0,Rumble,0.821672,0.148231,0.821672,0.030097
2000-24_generator_noise_1.wav,17,96.0,101.235,Rumble,0.800485,0.169632,0.800485,0.029883
2000-24_generator_noise_2.wav,1,0.0,6.0,Rumble,0.849079,0.120486,0.849079,0.030435
2000-24_generator_noise_2.wav,2,6.0,12.0,Rumble,0.847105,0.1201,0.847105,0.032795
2000-24_generator_noise_2.wav,3,12.0,18.0,Rumble,0.837657,0.130295,0.837657,0.032048
2000-24_generator_noise_2.wav,4,18.0,24.0,Rumble,0.844595,0.101984,0.844595,0.053421
2000-24_generator_noise_2.wav,5,24.0,30.0,Rumble,0.838972,0.118307,0.838972,0.04272
2000-24_generator_noise_2.wav,6,30.0,36.0,Rumble,0.862153,0.091859,0.862153,0.045988
2000-24_generator_noise_2.wav,7,36.0,42.0,Rumble,0.824319,0.071069,0.824319,0.104612
2000-24_generator_noise_2.wav,8,42.0,48.0,Rumble,0.801142,0.066814,0.801142,0.132044
2000-24_generator_noise_2.wav,9,48.0,54.0,Rumble,0.812782,0.143934,0.812782,0.043284
2000-24_generator_noise_2.wav,10,54.0,60.0,Rumble,0.839119,0.114634,0.839119,0.046247
2000-24_generator_noise_2.wav,11,60.0,66.0,Rumble,0.838613,0.062392,0.838613,0.098995
2000-24_generator_noise_2.wav,12,66.0,72.0,Rumble,0.873729,0.09295,0.873729,0.033321
2000-24_generator_noise_2.wav,13,72.0,78.0,Rumble,0.901245,0.070277,0.901245,0.028478
2000-24_generator_noise_2.wav,14,78.0,84.0,Rumble,0.89182,0.101796,0.89182,0.006384
2000-24_generator_noise_2.wav,15,84.0,90.0,Rumble,0.874441,0.081111,0.874441,0.044448
2000-24_generator_noise_2.wav,16,90.0,96.0,Rumble,0.893452,0.078544,0.893452,0.028003
2000-24_generator_noise_2.wav,17,96.0,102.0,Rumble,0.874747,0.085696,0.874747,0.039557
2000-24_generator_noise_2.wav,18,102.0,108.0,Rumble,0.859567,0.114504,0.859567,0.025928
2000-24_generator_noise_2.wav,19,108.0,114.0,Rumble,0.861007,0.106774,0.861007,0.032219
2000-24_generator_noise_2.wav,20,114.0,120.0,Rumble,0.858643,0.077211,0.858643,0.064146
2000-24_generator_noise_2.wav,21,120.0,126.0,Rumble,0.854393,0.083294,0.854393,0.062313
2000-24_generator_noise_2.wav,22,126.0,132.0,Rumble,0.872167,0.085091,0.872167,0.042741
2000-24_generator_noise_2.wav,23,132.0,138.0,Rumble,0.837785,0.124298,0.837785,0.037916
2000-24_generator_noise_2.wav,24,138.0,144.0,Rumble,0.840797,0.112022,0.840797,0.047181
2000-24_generator_noise_2.wav,25,144.0,150.0,Rumble,0.834996,0.131756,0.834996,0.033248
2000-24_generator_noise_2.wav,26,150.0,156.0,Rumble,0.809672,0.154507,0.809672,0.035821
2000-24_generator_noise_2.wav,27,156.0,162.0,Rumble,0.832607,0.130651,0.832607,0.036742
2000-24_generator_noise_2.wav,28,162.0,168.0,Rumble,0.801137,0.169204,0.801137,0.029659
2000-24_generator_noise_2.wav,29,168.0,174.0,Rumble,0.850116,0.121956,0.850116,0.027927
2000-24_generator_noise_2.wav,30,174.0,180.0,Rumble,0.83651,0.139842,0.83651,0.023648
2000-24_generator_noise_2.wav,31,180.0,186.0,Rumble,0.817874,0.161919,0.817874,0.020207
2000-24_generator_noise_2.wav,32,186.0,192.0,Rumble,0.803326,0.179978,0.803326,0.016696
2000-24_generator_noise_2.wav,33,192.0,198.0,Rumble,0.711563,0.235344,0.711563,0.053093
2000-24_generator_noise_2.wav,34,198.0,204.0,Rumble,0.829435,0.168616,0.829435,0.001949
2000-24_generator_noise_2.wav,35,204.0,210.0,Rumble,0.856086,0.119844,0.856086,0.02407
2000-24_generator_noise_2.wav,36,210.0,216.0,Rumble,0.808151,0.166745,0.808151,0.025103
2000-24_generator_noise_2.wav,37,216.0,222.0,Rumble,0.842859,0.124641,0.842859,0.0325
2000-24_generator_noise_2.wav,38,222.0,228.0,Rumble,0.782468,0.201464,0.782468,0.016068
2000-24_generator_noise_2.wav,39,228.0,234.0,Rumble,0.871707,0.090662,0.871707,0.03763
2000-24_generator_noise_2.wav,40,234.0,240.0,Rumble,0.806842,0.167244,0.806842,0.025915
2000-24_generator_noise_2.wav,41,240.0,246.0,Rumble,0.807199,0.17353,0.807199,0.019271
2000-24_generator_noise_2.wav,42,246.0,252.0,Rumble,0.79465,0.188254,0.79465,0.017096
2000-24_generator_noise_2.wav,43,252.0,258.0,Rumble,0.792199,0.188762,0.792199,0.019039
2000-24_generator_noise_2.wav,44,258.0,264.0,Rumble,0.857702,0.101786,0.857702,0.040511
2000-24_generator_noise_2.wav,45,264.0,270.0,Rumble,0.787437,0.194102,0.787437,0.018461
2000-24_generator_noise_2.wav,46,270.0,276.0,Rumble,0.768414,0.211813,0.768414,0.019773
2000-24_generator_noise_2.wav,47,276.0,282.0,Rumble,0.782897,0.19832,0.782897,0.018782
2000-24_generator_noise_2.wav,48,282.0,288.0,Rumble,0.781768,0.201551,0.781768,0.016681
2000-24_generator_noise_2.wav,49,288.0,294.0,Rumble,0.782685,0.198284,0.782685,0.019031
2000-24_generator_noise_2.wav,50,294.0,300.0,Rumble,0.777596,0.201339,0.777596,0.021064
2000-24_generator_noise_2.wav,51,300.0,306.0,Rumble,0.780263,0.203115,0.780263,0.016622
2000-24_generator_noise_2.wav,52,306.0,312.0,Rumble,0.804224,0.171822,0.804224,0.023954
2000-24_generator_noise_2.wav,53,312.0,318.0,Rumble,0.792302,0.185786,0.792302,0.021913
2000-24_generator_noise_2.wav,54,318.0,324.0,Rumble,0.759239,0.226728,0.759239,0.014033
2000-24_generator_noise_2.wav,55,324.0,330.0,Rumble,0.803748,0.178485,0.803748,0.017767
2000-24_generator_noise_2.wav,56,330.0,336.0,Rumble,0.786579,0.198348,0.786579,0.015073
2000-24_generator_noise_2.wav,57,336.0,342.0,Rumble,0.818618,0.167795,0.818618,0.013587
2000-24_generator_noise_2.wav,58,342.0,348.0,Rumble,0.76861,0.212853,0.76861,0.018537
2000-24_generator_noise_2.wav,59,348.0,354.0,Rumble,0.758815,0.218541,0.758815,0.022643
2000-24_generator_noise_2.wav,60,354.0,360.0,Rumble,0.779027,0.202824,0.779027,0.018149
2000-24_generator_noise_2.wav,61,360.0,366.0,Rumble,0.770754,0.213648,0.770754,0.015598
2000-24_generator_noise_2.wav,62,366.0,369.59,Rumble,0.662941,0.301856,0.662941,0.035203
2000-24_generator_noise_3.wav,1,0.0,6.0,Rumble,0.768844,0.114802,0.768844,0.116354
2000-24_generator_noise_3.wav,2,6.0,12.0,Rumble,0.788777,0.19639,0.788777,0.014834
2000-24_generator_noise_3.wav,3,12.0,18.0,Rumble,0.873568,0.123135,0.873568,0.003297
2000-24_generator_noise_3.wav,4,18.0,24.0,Rumble,0.845362,0.101411,0.845362,0.053227
2000-24_generator_noise_3.wav,5,24.0,30.0,Rumble,0.821573,0.151286,0.821573,0.027141
2000-24_generator_noise_3.wav,6,30.0,36.0,Rumble,0.808381,0.153293,0.808381,0.038325
2000-24_generator_noise_3.wav,7,36.0,41.816,Rumble,0.80599,0.136188,0.80599,0.057821
2000-24_generator_noise_4.wav,1,0.0,6.0,Rumble,0.727755,0.254729,0.727755,0.017516
2000-24_generator_noise_4.wav,2,6.0,12.0,Rumble,0.762708,0.213386,0.762708,0.023907
2000-24_generator_noise_4.wav,3,12.0,18.0,Rumble,0.766885,0.212797,0.766885,0.020318
2000-24_generator_noise_4.wav,4,18.0,24.0,Rumble,0.903171,0.08265,0.903171,0.014179
2000-24_generator_noise_4.wav,5,24.0,30.0,Rumble,0.812249,0.1648,0.812249,0.022951
2000-24_generator_noise_4.wav,6,30.0,36.0,Rumble,0.752605,0.228662,0.752605,0.018733
2000-24_generator_noise_4.wav,7,36.0,42.0,Rumble,0.752477,0.228644,0.752477,0.018878
2000-24_generator_noise_4.wav,8,42.0,48.0,Rumble,0.724293,0.251997,0.724293,0.02371
2000-24_generator_noise_4.wav,9,48.0,54.0,Rumble,0.72557,0.250071,0.72557,0.024359
2000-24_generator_noise_4.wav,10,54.0,60.0,Rumble,0.738156,0.235867,0.738156,0.025977
2000-24_generator_noise_4.wav,11,60.0,66.0,Rumble,0.751814,0.227592,0.751814,0.020594
2000-24_generator_noise_4.wav,12,66.0,72.0,Rumble,0.735507,0.243298,0.735507,0.021195
2000-24_generator_noise_4.wav,13,72.0,78.0,Rumble,0.878572,0.118383,0.878572,0.003045
2000-24_generator_noise_4.wav,14,78.0,84.0,Rumble,0.904765,0.078454,0.904765,0.016781
2000-24_generator_noise_4.wav,15,84.0,90.0,Rumble,0.901618,0.070437,0.901618,0.027946
2000-24_generator_noise_4.wav,16,90.0,96.0,Rumble,0.746829,0.232133,0.746829,0.021038
2000-24_generator_noise_4.wav,17,96.0,102.0,Rumble,0.798549,0.176153,0.798549,0.025298
2000-24_generator_noise_4.wav,18,102.0,108.0,Rumble,0.837681,0.12915,0.837681,0.033169
2000-24_generator_noise_4.wav,19,108.0,114.0,Rumble,0.725328,0.258251,0.725328,0.016421
2000-24_generator_noise_4.wav,20,114.0,120.0,Rumble,0.752529,0.228132,0.752529,0.019338
2000-24_generator_noise_4.wav,21,120.0,126.0,Rumble,0.738231,0.240587,0.738231,0.021181
2000-24_generator_noise_4.wav,22,126.0,132.0,Rumble,0.777642,0.201975,0.777642,0.020384
2000-24_generator_noise_4.wav,23,132.0,138.0,Rumble,0.767449,0.21569,0.767449,0.016861
2000-24_generator_noise_4.wav,24,138.0,144.0,Rumble,0.896932,0.08874,0.896932,0.014329
2000-24_generator_noise_4.wav,25,144.0,150.0,Rumble,0.780606,0.199305,0.780606,0.020089
2000-24_generator_noise_4.wav,26,150.0,156.0,Rumble,0.752226,0.227507,0.752226,0.020267
2000-24_generator_noise_4.wav,27,156.0,162.0,Rumble,0.772277,0.206356,0.772277,0.021367
2000-24_generator_noise_4.wav,28,162.0,168.0,Rumble,0.752673,0.224283,0.752673,0.023045
2000-24_generator_noise_4.wav,29,168.0,174.0,Rumble,0.773992,0.206959,0.773992,0.019048
2000-24_generator_noise_4.wav,30,174.0,180.0,Rumble,0.74826,0.235677,0.74826,0.016062
2000-24_generator_noise_4.wav,31,180.0,186.0,Rumble,0.779683,0.204032,0.779683,0.016285
2000-24_generator_noise_4.wav,32,186.0,192.0,Rumble,0.754899,0.22817,0.754899,0.016931
2000-24_generator_noise_4.wav,33,192.0,198.0,Rumble,0.809686,0.168572,0.809686,0.021742
2000-24_generator_noise_4.wav,34,198.0,204.0,Rumble,0.879779,0.108317,0.879779,0.011904
2000-24_generator_noise_4.wav,35,204.0,210.0,Rumble,0.769534,0.213025,0.769534,0.017441
2000-24_generator_noise_4.wav,36,210.0,216.0,Rumble,0.735518,0.247565,0.735518,0.016917
2000-24_generator_noise_4.wav,37,216.0,222.0,Rumble,0.779572,0.198423,0.779572,0.022004
2000-24_generator_noise_4.wav,38,222.0,228.0,Rumble,0.862742,0.113838,0.862742,0.02342
2000-24_vehicle_and_generator_noise_1.wav,1,0.0,6.0,Rumble,0.785399,0.195303,0.785399,0.019298
2000-24_vehicle_and_generator_noise_1.wav,2,6.0,12.0,Rumble,0.90108,0.082206,0.90108,0.016714
2000-24_vehicle_and_generator_noise_1.wav,3,12.0,18.0,Rumble,0.934003,0.050198,0.934003,0.0158
2000-24_vehicle_and_generator_noise_1.wav,4,18.0,24.0,Rumble,0.916152,0.074449,0.916152,0.009399
2000-24_vehicle_and_generator_noise_1.wav,5,24.0,30.0,Rumble,0.883916,0.094719,0.883916,0.021365
2000-24_vehicle_and_generator_noise_1.wav,6,30.0,36.0,Rumble,0.836255,0.146115,0.836255,0.01763
2000-24_vehicle_and_generator_noise_1.wav,7,36.0,42.0,Rumble,0.859415,0.124674,0.859415,0.015912
2000-24_vehicle_and_generator_noise_1.wav,8,42.0,48.0,Rumble,0.878198,0.098887,0.878198,0.022915
2000-24_vehicle_and_generator_noise_1.wav,9,48.0,54.0,Rumble,0.915624,0.062701,0.915624,0.021675
2000-24_vehicle_and_generator_noise_1.wav,10,54.0,60.0,Rumble,0.907491,0.077298,0.907491,0.015211
2000-24_vehicle_and_generator_noise_1.wav,11,60.0,66.0,Rumble,0.88684,0.096417,0.88684,0.016743
2000-24_vehicle_and_generator_noise_1.wav,12,66.0,72.0,Rumble,0.913044,0.070194,0.913044,0.016763
2000-24_vehicle_and_generator_noise_1.wav,13,72.0,78.0,Rumble,0.877904,0.097899,0.877904,0.024197
2000-24_vehicle_and_generator_noise_1.wav,14,78.0,84.0,Rumble,0.888488,0.089133,0.888488,0.022379
2000-24_vehicle_and_generator_noise_1.wav,15,84.0,90.0,Rumble,0.862113,0.116622,0.862113,0.021266
2000-24_vehicle_and_generator_noise_1.wav,16,90.0,96.0,Rumble,0.863086,0.104243,0.863086,0.032671
2000-24_vehicle_and_generator_noise_1.wav,17,96.0,102.0,Rumble,0.784632,0.199159,0.784632,0.016208
2000-24_vehicle_and_generator_noise_1.wav,18,102.0,107.642,Rumble,0.77115,0.210526,0.77115,0.018324
2000-24_vehicle_noise_1.wav,1,0.0,6.0,Rumble,0.727291,0.251294,0.727291,0.021415
2000-24_vehicle_noise_1.wav,2,6.0,12.0,Rumble,0.735098,0.244283,0.735098,0.020619
2000-24_vehicle_noise_1.wav,3,12.0,18.0,Rumble,0.772135,0.208063,0.772135,0.019802
2000-24_vehicle_noise_1.wav,4,18.0,24.0,Rumble,0.852395,0.123092,0.852395,0.024513
2000-24_vehicle_noise_1.wav,5,24.0,30.0,Rumble,0.740101,0.244596,0.740101,0.015302
2000-24_vehicle_noise_1.wav,6,30.0,36.0,Rumble,0.746626,0.238547,0.746626,0.014827
2000-24_vehicle_noise_1.wav,7,36.0,42.0,Rumble,0.710788,0.278629,0.710788,0.010584
2000-24_vehicle_noise_1.wav,8,42.0,48.0,Rumble,0.773434,0.213108,0.773434,0.013458
2000-24_vehicle_noise_1.wav,9,48.0,54.0,Rumble,0.706209,0.28231,0.706209,0.011481
2000-24_vehicle_noise_1.wav,10,54.0,60.0,Rumble,0.716057,0.269732,0.716057,0.014211
2000-24_vehicle_noise_1.wav,11,60.0,66.0,Rumble,0.69806,0.285421,0.69806,0.016519
2000-24_vehicle_noise_1.wav,12,66.0,72.0,Rumble,0.768058,0.213452,0.768058,0.018491
2000-24_vehicle_noise_1.wav,13,72.0,78.0,Rumble,0.758092,0.2199,0.758092,0.022008
2000-24_vehicle_noise_1.wav,14,78.0,84.0,Rumble,0.768314,0.21446,0.768314,0.017226
2000-24_vehicle_noise_1.wav,15,84.0,90.0,Rumble,0.680684,0.304678,0.680684,0.014638
2000-24_vehicle_noise_1.wav,16,90.0,96.0,Rumble,0.740981,0.237212,0.740981,0.021808
2000-24_vehicle_noise_1.wav,17,96.0,102.0,Rumble,0.760005,0.216844,0.760005,0.023151
2000-24_vehicle_noise_1.wav,18,102.0,108.0,Rumble,0.69188,0.288748,0.69188,0.019372
2000-24_vehicle_noise_1.wav,19,108.0,114.0,Rumble,0.688937,0.298037,0.688937,0.013025
2000-24_vehicle_noise_1.wav,20,114.0,120.0,Rumble,0.761017,0.220209,0.761017,0.018774
2000-24_vehicle_noise_1.wav,21,120.0,126.0,Rumble,0.735785,0.249426,0.735785,0.01479
2000-24_vehicle_noise_1.wav,22,126.0,132.0,Rumble,0.74744,0.235724,0.74744,0.016836
2000-24_vehicle_noise_1.wav,23,132.0,138.0,Rumble,0.71854,0.264432,0.71854,0.017028
2000-24_vehicle_noise_1.wav,24,138.0,144.0,Rumble,0.694562,0.292828,0.694562,0.01261
2000-24_vehicle_noise_1.wav,25,144.0,150.0,Rumble,0.72455,0.25898,0.72455,0.01647
2000-24_vehicle_noise_1.wav,26,150.0,156.0,Rumble,0.70897,0.278026,0.70897,0.013004
2000-24_vehicle_noise_1.wav,27,156.0,162.0,Rumble,0.733876,0.249791,0.733876,0.016333
2000-24_vehicle_noise_1.wav,28,162.0,168.0,Rumble,0.766511,0.208388,0.766511,0.025101
2000-24_vehicle_noise_1.wav,29,168.0,174.0,Rumble,0.81632,0.097871,0.81632,0.085809
2000-24_vehicle_noise_1.wav,30,174.0,180.0,Rumble,0.776666,0.06057,0.776666,0.162765
2000-24_vehicle_noise_1.wav,31,180.0,186.0,Rumble,0.768265,0.07537,0.768265,0.156365
2000-24_vehicle_noise_1.wav,32,186.0,192.0,Rumble,0.828815,0.124861,0.828815,0.046324
2000-24_vehicle_noise_1.wav,33,192.0,198.0,Rumble,0.784911,0.195883,0.784911,0.019206
2000-24_vehicle_noise_1.wav,34,198.0,204.0,Rumble,0.797355,0.179321,0.797355,0.023325
2000-24_vehicle_noise_1.wav,35,204.0,210.0,Rumble,0.844881,0.13151,0.844881,0.023609
2000-24_vehicle_noise_1.wav,36,210.0,216.0,Rumble,0.832309,0.138244,0.832309,0.029448
2000-24_vehicle_noise_1.wav,37,216.0,222.0,Rumble,0.817231,0.151933,0.817231,0.030835
2000-24_vehicle_noise_1.wav,38,222.0,228.0,Rumble,0.805858,0.130693,0.805858,0.063449
2000-24_vehicle_noise_1.wav,39,228.0,234.0,Rumble,0.805478,0.164205,0.805478,0.030317
2000-24_vehicle_noise_1.wav,40,234.0,240.0,Rumble,0.821057,0.15934,0.821057,0.019603
2000-24_vehicle_noise_1.wav,41,240.0,246.0,Rumble,0.785812,0.196555,0.785812,0.017633
2000-24_vehicle_noise_1.wav,42,246.0,252.0,Rumble,0.816581,0.163554,0.816581,0.019865
2000-24_vehicle_noise_1.wav,43,252.0,258.0,Rumble,0.766634,0.220155,0.766634,0.013212
2000-24_vehicle_noise_1.wav,44,258.0,264.0,Rumble,0.795051,0.187302,0.795051,0.017647
2000-24_vehicle_noise_1.wav,45,264.0,270.0,Rumble,0.837588,0.125998,0.837588,0.036414
2000-24_vehicle_noise_1.wav,46,270.0,276.0,Rumble,0.820273,0.157314,0.820273,0.022414
2000-24_vehicle_noise_1.wav,47,276.0,282.0,Rumble,0.801404,0.181498,0.801404,0.017098
2000-24_vehicle_noise_1.wav,48,282.0,288.0,Rumble,0.78939,0.193594,0.78939,0.017016
2000-24_vehicle_noise_1.wav,49,288.0,294.0,Rumble,0.808069,0.173002,0.808069,0.018929
2000-24_vehicle_noise_1.wav,50,294.0,300.0,Rumble,0.770043,0.212929,0.770043,0.017028
2000-24_vehicle_noise_2.wav,1,0.0,6.0,Rumble,0.658617,0.323546,0.658617,0.017837
2000-24_vehicle_noise_2.wav,2,6.0,12.0,Rumble,0.754476,0.228311,0.754476,0.017213
2000-24_vehicle_noise_2.wav,3,12.0,18.0,Rumble,0.764055,0.214185,0.764055,0.021759
2000-24_vehicle_noise_2.wav,4,18.0,24.0,Rumble,0.777998,0.200181,0.777998,0.021821
2000-24_vehicle_noise_2.wav,5,24.0,30.0,Rumble,0.755417,0.228264,0.755417,0.016319
2000-24_vehicle_noise_2.wav,6,30.0,36.0,Rumble,0.72589,0.258633,0.72589,0.015477
2000-24_vehicle_noise_2.wav,7,36.0,42.0,Rumble,0.837416,0.133016,0.837416,0.029568
2000-24_vehicle_noise_2.wav,8,42.0,48.0,Rumble,0.719172,0.261395,0.719172,0.019434
2000-27_airplane_01.wav,1,0.0,6.0,Rumble,0.638622,0.336167,0.638622,0.025211
2000-27_airplane_01.wav,2,6.0,12.0,Rumble,0.69766,0.275303,0.69766,0.027037
2000-27_airplane_01.wav,3,12.0,18.0,Rumble,0.78283,0.161952,0.78283,0.055218
2000-27_airplane_01.wav,4,18.0,24.0,Rumble,0.755036,0.061405,0.755036,0.183559
2000-27_airplane_01.wav,5,24.0,30.0,Rumble,0.802748,0.114188,0.802748,0.083065
2000-27_airplane_01.wav,6,30.0,36.0,Rumble,0.805745,0.146932,0.805745,0.047323
2000-27_airplane_01.wav,7,36.0,42.0,Rumble,0.814374,0.123374,0.814374,0.062253
2000-27_airplane_01.wav,8,42.0,48.0,Rumble,0.788595,0.094553,0.788595,0.116852
2000-27_airplane_01.wav,9,48.0,54.0,Rumble,0.851568,0.122164,0.851568,0.026268
2000-27_airplane_01.wav,10,54.0,60.0,Rumble,0.809525,0.147403,0.809525,0.043072
2000-27_airplane_01.wav,11,60.0,66.0,Rumble,0.815302,0.132402,0.815302,0.052296
2000-27_airplane_01.wav,12,66.0,72.0,Rumble,0.81427,0.145318,0.81427,0.040411
2000-27_airplane_01.wav,13,72.0,78.0,Rumble,0.828688,0.131376,0.828688,0.039936
2000-27_airplane_01.wav,14,78.0,84.0,Rumble,0.787488,0.208558,0.787488,0.003955
2000-27_airplane_01.wav,15,84.0,90.0,Rumble,0.689872,0.307818,0.689872,0.00231
2000-27_airplane_01.wav,16,90.0,96.0,Rumble,0.582186,0.40945,0.582186,0.008364
2000-27_airplane_01.wav,17,96.0,102.0,Rumble,0.554154,0.442495,0.554154,0.003351
2000-27_airplane_01.wav,18,102.0,108.0,Rumble,0.800653,0.199096,0.800653,0.000251
2000-27_airplane_01.wav,19,108.0,114.0,Rumble,0.608764,0.38969,0.608764,0.001546
2000-27_airplane_01.wav,20,114.0,120.0,Rumble,0.698884,0.300493,0.698884,0.000623
2000-27_airplane_01.wav,21,120.0,126.0,Rumble,0.555946,0.442257,0.555946,0.001797
2000-27_airplane_01.wav,22,126.0,132.0,Rumble,0.764785,0.234664,0.764785,0.00055
2000-27_airplane_01.wav,23,132.0,138.0,Rumble,0.901158,0.097071,0.901158,0.001771
2000-27_airplane_01.wav,24,138.0,144.0,Rumble,0.717422,0.279419,0.717422,0.003159
2000-27_airplane_01.wav,25,144.0,150.0,Rumble,0.70954,0.289485,0.70954,0.000975
2000-27_airplane_01.wav,26,150.0,156.0,Rumble,0.650364,0.346818,0.650364,0.002818
2000-27_airplane_01.wav,27,156.0,162.0,Rumble,0.721084,0.277378,0.721084,0.001538
2000-27_airplane_01.wav,28,162.0,168.0,Rumble,0.810845,0.188115,0.810845,0.00104
2000-27_airplane_01.wav,29,168.0,174.0,Rumble,0.843823,0.151352,0.843823,0.004825
2000-27_airplane_01.wav,30,174.0,180.0,Rumble,0.851878,0.147676,0.851878,0.000447
2000-27_airplane_01.wav,31,180.0,186.0,Rumble,0.885224,0.114309,0.885224,0.000467
2000-27_airplane_01.wav,32,186.0,192.0,Rumble,0.815651,0.182792,0.815651,0.001557
2000-27_airplane_01.wav,33,192.0,198.0,Rumble,0.900299,0.099619,0.900299,8.2e-05
2000-27_airplane_01.wav,34,198.0,204.0,Rumble,0.921182,0.078816,0.921182,2e-06
2000-27_airplane_01.wav,35,204.0,210.0,Rumble,0.863824,0.134539,0.863824,0.001637
2000-27_airplane_01.wav,36,210.0,216.0,Rumble,0.839232,0.160049,0.839232,0.000719
2000-27_airplane_01.wav,37,216.0,222.0,Rumble,0.788748,0.205871,0.788748,0.00538
2000-27_airplane_01.wav,38,222.0,228.0,Rumble,0.905991,0.091488,0.905991,0.00252
2000-27_airplane_01.wav,39,228.0,234.0,Rumble,0.789467,0.207012,0.789467,0.003521
2000-27_airplane_01.wav,40,234.0,240.0,Rumble,0.779382,0.21663,0.779382,0.003988
2000-27_airplane_01.wav,41,240.0,246.0,Rumble,0.768608,0.22686,0.768608,0.004532
2000-27_airplane_01.wav,42,246.0,252.0,Rumble,0.816588,0.174516,0.816588,0.008896
2000-27_airplane_01.wav,43,252.0,258.0,Rumble,0.73151,0.263167,0.73151,0.005323
2000-27_airplane_01.wav,44,258.0,264.0,Rumble,0.640934,0.349421,0.640934,0.009646
2000-27_airplane_01.wav,45,264.0,270.0,Rumble,0.635907,0.355399,0.635907,0.008694
2000-27_airplane_01.wav,46,270.0,276.0,Rumble,0.717447,0.266311,0.717447,0.016242
2000-27_airplane_01.wav,47,276.0,282.0,Rumble,0.647932,0.330476,0.647932,0.021592
2000-27_airplane_01.wav,48,282.0,288.0,Rumble,0.67191,0.313152,0.67191,0.014938
2000-27_airplane_01.wav,49,288.0,294.0,Rumble,0.66662,0.32835,0.66662,0.00503
2000-27_airplane_01.wav,50,294.0,300.0,Rumble,0.654385,0.317753,0.654385,0.027862
2000-27_airplane_01.wav,51,300.0,306.0,Rumble,0.663562,0.311361,0.663562,0.025077
2000-3_airplane_01.wav,1,0.0,6.0,Rumble,0.825164,0.116866,0.825164,0.05797
2000-3_airplane_01.wav,2,6.0,12.0,Rumble,0.808863,0.076129,0.808863,0.115008
2000-3_airplane_01.wav,3,12.0,18.0,Rumble,0.731306,0.058563,0.731306,0.210131
2000-3_airplane_01.wav,4,18.0,24.0,Rumble,0.550079,0.410213,0.550079,0.039708
2000-3_airplane_01.wav,5,24.0,30.0,Rumble,0.720111,0.263012,0.720111,0.016877
2000-3_airplane_01.wav,6,30.0,36.0,Rumble,0.675411,0.311498,0.675411,0.013091
2000-3_airplane_01.wav,7,36.0,42.0,Rumble,0.734475,0.259944,0.734475,0.005581
2000-3_airplane_01.wav,8,42.0,48.0,Rumble,0.744493,0.250026,0.744493,0.005481
2000-3_airplane_01.wav,9,48.0,54.0,Rumble,0.710953,0.28283,0.710953,0.006217
2000-3_airplane_01.wav,10,54.0,60.0,Rumble,0.764871,0.226311,0.764871,0.008818
2000-3_airplane_01.wav,11,60.0,66.0,Rumble,0.652427,0.343123,0.652427,0.00445
2000-3_airplane_01.wav,12,66.0,72.0,Rumble,0.667212,0.327366,0.667212,0.005422
2000-3_airplane_01.wav,13,72.0,78.0,Rumble,0.708012,0.283859,0.708012,0.008129
2000-3_airplane_01.wav,14,78.0,84.0,Rumble,0.697661,0.287921,0.697661,0.014419
2000-3_airplane_01.wav,15,84.0,90.0,Rumble,0.701647,0.284098,0.701647,0.014255
2000-3_airplane_01.wav,16,90.0,96.0,Rumble,0.709463,0.281526,0.709463,0.009011
2000-3_airplane_01.wav,17,96.0,102.0,Rumble,0.750491,0.232817,0.750491,0.016692
2000-3_airplane_01.wav,18,102.0,108.0,Rumble,0.788665,0.185084,0.788665,0.026251
2000-3_airplane_01.wav,19,108.0,114.0,Rumble,0.712845,0.272393,0.712845,0.014762
2000-3_airplane_01.wav,20,114.0,120.0,Rumble,0.770584,0.205663,0.770584,0.023752
2000-3_airplane_01.wav,21,120.0,126.0,Rumble,0.764638,0.205696,0.764638,0.029666
2000-3_airplane_01.wav,22,126.0,132.0,Rumble,0.743459,0.230814,0.743459,0.025727
2000-3_airplane_01.wav,23,132.0,136.238,Rumble,0.687375,0.284945,0.687375,0.02768
2000-3_airplane_02.wav,1,0.0,6.0,Rumble,0.719649,0.247886,0.719649,0.032465
2000-3_airplane_02.wav,2,6.0,12.0,Rumble,0.72118,0.265239,0.72118,0.013581
2000-3_airplane_02.wav,3,12.0,18.0,Rumble,0.706738,0.282745,0.706738,0.010517
2000-3_airplane_02.wav,4,18.0,24.0,Rumble,0.671723,0.317385,0.671723,0.010892
2000-3_airplane_02.wav,5,24.0,30.0,Rumble,0.661203,0.334558,0.661203,0.004239
2000-3_airplane_02.wav,6,30.0,36.0,Rumble,0.652691,0.335888,0.652691,0.011421
2000-3_airplane_02.wav,7,36.0,42.0,Rumble,0.658523,0.324092,0.658523,0.017386
2000-3_airplane_02.wav,8,42.0,48.0,Rumble,0.838073,0.137364,0.838073,0.024562
2000-3_airplane_02.wav,9,48.0,54.0,Rumble,0.706165,0.268426,0.706165,0.025409
2000-3_airplane_02.wav,10,54.0,60.0,Rumble,0.755313,0.217531,0.755313,0.027156
2000-3_airplane_02.wav,11,60.0,66.0,Rumble,0.639261,0.348396,0.639261,0.012343
2000-3_airplane_03.wav,1,0.0,6.0,Rumble,0.655405,0.334505,0.655405,0.01009
2000-3_airplane_03.wav,2,6.0,12.0,Rumble,0.65668,0.336307,0.65668,0.007013
2000-3_airplane_03.wav,3,12.0,18.0,Rumble,0.716494,0.268664,0.716494,0.014841
2000-3_airplane_03.wav,4,18.0,24.0,Rumble,0.723202,0.257713,0.723202,0.019086
2000-3_airplane_03.wav,5,24.0,30.0,Rumble,0.755884,0.209789,0.755884,0.034328
2000-3_airplane_03.wav,6,30.0,36.0,Rumble,0.730722,0.251415,0.730722,0.017863
2000-3_airplane_03.wav,7,36.0,42.0,Rumble,0.764641,0.214715,0.764641,0.020644
2000-3_airplane_03.wav,8,42.0,48.0,Rumble,0.713104,0.268746,0.713104,0.01815
2000-3_airplane_03.wav,9,48.0,54.0,Rumble,0.691178,0.298309,0.691178,0.010512
2000-3_airplane_03.wav,10,54.0,60.0,Rumble,0.665749,0.324955,0.665749,0.009295
2000-3_airplane_03.wav,11,60.0,66.0,Rumble,0.629293,0.366586,0.629293,0.004121
2000-3_airplane_03.wav,12,66.0,72.0,Rumble,0.65912,0.339269,0.65912,0.001611
2000-3_airplane_03.wav,13,72.0,78.0,Rumble,0.843998,0.150162,0.843998,0.00584
2000-3_airplane_03.wav,14,78.0,84.0,Rumble,0.656988,0.338089,0.656988,0.004923
2000-3_airplane_03.wav,15,84.0,90.0,Rumble,0.656927,0.340201,0.656927,0.002872
2000-3_airplane_03.wav,16,90.0,96.0,Rumble,0.62566,0.368944,0.62566,0.005396
2000-3_airplane_03.wav,17,96.0,102.0,Rumble,0.647926,0.34374,0.647926,0.008334
2000-3_airplane_03.wav,18,102.0,108.0,Rumble,0.583171,0.414016,0.583171,0.002814
2000-3_airplane_03.wav,19,108.0,114.0,Rumble,0.680692,0.311886,0.680692,0.007422
2000-3_airplane_03.wav,20,114.0,120.0,Rumble,0.638773,0.355402,0.638773,0.005825
2000-3_airplane_03.wav,21,120.0,126.0,Rumble,0.663201,0.332815,0.663201,0.003985
2000-3_airplane_03.wav,22,126.0,132.0,Rumble,0.592604,0.40445,0.592604,0.002946
2000-3_airplane_03.wav,23,132.0,138.0,Rumble,0.599935,0.395937,0.599935,0.004128
2000-3_airplane_03.wav,24,138.0,144.0,Rumble,0.634839,0.358808,0.634839,0.006352
2000-3_airplane_03.wav,25,144.0,150.0,Rumble,0.625046,0.371179,0.625046,0.003776
2000-3_airplane_03.wav,26,150.0,156.0,Rumble,0.599979,0.391396,0.599979,0.008625
2000-3_airplane_03.wav,27,156.0,162.0,Rumble,0.598538,0.391383,0.598538,0.010079
2000-3_airplane_03.wav,28,162.0,168.0,Rumble,0.609512,0.386206,0.609512,0.004282
2000-3_airplane_03.wav,29,168.0,174.0,Rumble,0.612715,0.382439,0.612715,0.004846
2000-3_airplane_03.wav,30,174.0,180.0,Rumble,0.620501,0.368365,0.620501,0.011134
2000-3_airplane_03.wav,31,180.0,186.0,Rumble,0.65442,0.334078,0.65442,0.011502
2000-3_airplane_03.wav,32,186.0,192.0,Rumble,0.646968,0.342643,0.646968,0.010389
2000-3_airplane_03.wav,33,192.0,197.032,Rumble,0.597326,0.388997,0.597326,0.013676
2000-3_vehicle_01.wav,1,0.0,6.0,Rumble,0.742912,0.231638,0.742912,0.025449
2000-3_vehicle_01.wav,2,6.0,12.0,Rumble,0.749012,0.231565,0.749012,0.019423
2000-3_vehicle_01.wav,3,12.0,18.0,Rumble,0.763345,0.210268,0.763345,0.026386
2000-3_vehicle_01.wav,4,18.0,24.0,Rumble,0.697667,0.266701,0.697667,0.035632
2000-3_vehicle_01.wav,5,24.0,30.0,Rumble,0.783497,0.170748,0.783497,0.045755
2000-3_vehicle_01.wav,6,30.0,36.0,Rumble,0.788183,0.163596,0.788183,0.048221
2000-3_vehicle_01.wav,7,36.0,42.0,Rumble,0.822562,0.138429,0.822562,0.039009
2000-3_vehicle_01.wav,8,42.0,48.0,Rumble,0.78449,0.190099,0.78449,0.025411
2000-3_vehicle_01.wav,9,48.0,54.0,Rumble,0.549804,0.383608,0.549804,0.066588
2000-3_vehicle_01.wav,10,54.0,60.0,Rumble,0.728176,0.240734,0.728176,0.03109
2000-3_vehicle_01.wav,11,60.0,66.0,Rumble,0.778658,0.204681,0.778658,0.016661
2000-3_vehicle_01.wav,12,66.0,72.0,Rumble,0.793276,0.18822,0.793276,0.018504
2000-3_vehicle_01.wav,13,72.0,78.0,Rumble,0.818109,0.167851,0.818109,0.014039
2000-3_vehicle_01.wav,14,78.0,84.0,Rumble,0.79111,0.19734,0.79111,0.011551
2000-3_vehicle_01.wav,15,84.0,90.0,Rumble,0.735113,0.251852,0.735113,0.013034
2000-3_vehicle_01.wav,16,90.0,96.0,Rumble,0.76182,0.224254,0.76182,0.013926
2000-3_vehicle_01.wav,17,96.0,102.0,Rumble,0.79464,0.185986,0.79464,0.019374
2000-3_vehicle_01.wav,18,102.0,108.0,Rumble,0.815817,0.150425,0.815817,0.033758
2000-3_vehicle_01.wav,19,108.0,114.0,Rumble,0.764419,0.203185,0.764419,0.032396
2000-3_vehicle_01.wav,20,114.0,120.0,Rumble,0.789314,0.14945,0.789314,0.061236
2000-3_vehicle_01.wav,21,120.0,126.0,Rumble,0.664305,0.309591,0.664305,0.026105
2000-3_vehicle_01.wav,22,126.0,132.0,Rumble,0.650143,0.328522,0.650143,0.021335
2000-3_vehicle_01.wav,23,132.0,138.0,Rumble,0.675871,0.301865,0.675871,0.022264
2000-3_vehicle_01.wav,24,138.0,144.0,Rumble,0.69856,0.280863,0.69856,0.020577
2000-4 _airplane_01.wav,1,0.0,6.0,Rumble,0.760092,0.176666,0.760092,0.063242
2000-4 _airplane_01.wav,2,6.0,12.0,Rumble,0.752092,0.177355,0.752092,0.070553
2000-4 _airplane_01.wav,3,12.0,18.0,Rumble,0.794407,0.110006,0.794407,0.095587
2000-4 _airplane_01.wav,4,18.0,24.0,Rumble,0.873135,0.120145,0.873135,0.00672
2000-4 _airplane_01.wav,5,24.0,30.0,Rumble,0.846535,0.143893,0.846535,0.009572
2000-4 _airplane_01.wav,6,30.0,36.0,Rumble,0.80682,0.191511,0.80682,0.001669
2000-4 _airplane_01.wav,7,36.0,42.0,Rumble,0.773715,0.226283,0.773715,2e-06
2000-4 _airplane_01.wav,8,42.0,48.0,Rumble,0.74934,0.250578,0.74934,8.2e-05
2000-4 _airplane_01.wav,9,48.0,54.0,Rumble,0.772056,0.224645,0.772056,0.0033
2000-4 _airplane_01.wav,10,54.0,60.0,Rumble,0.768569,0.21285,0.768569,0.018581
2000-4 _airplane_01.wav,11,60.0,66.0,Rumble,0.754487,0.219428,0.754487,0.026085
2000-4 _airplane_01.wav,12,66.0,72.0,Rumble,0.7653,0.202449,0.7653,0.032251
2000-4 _airplane_01.wav,13,72.0,78.0,Rumble,0.738542,0.228201,0.738542,0.033257
2000-4_airplane_02.wav,1,0.0,6.0,Rumble,0.690171,0.305231,0.690171,0.004599
2000-4_airplane_02.wav,2,6.0,12.0,Rumble,0.713663,0.272036,0.713663,0.014302
2000-4_airplane_02.wav,3,12.0,18.0,Rumble,0.691415,0.297186,0.691415,0.011399
2000-4_airplane_02.wav,4,18.0,24.0,Rumble,0.765487,0.232559,0.765487,0.001953
2000-4_airplane_02.wav,5,24.0,30.0,Rumble,0.782786,0.217092,0.782786,0.000122
2000-4_airplane_02.wav,6,30.0,36.0,Rumble,0.805439,0.192368,0.805439,0.002193
2000-4_airplane_02.wav,7,36.0,42.0,Rumble,0.75079,0.240955,0.75079,0.008255
2000-4_airplane_02.wav,8,42.0,48.0,Rumble,0.82792,0.171809,0.82792,0.00027
2000-4_airplane_02.wav,9,48.0,54.0,Rumble,0.851465,0.148531,0.851465,4e-06
2000-4_airplane_02.wav,10,54.0,60.0,Rumble,0.870317,0.129679,0.870317,4e-06
2000-4_airplane_02.wav,11,60.0,66.0,Rumble,0.820831,0.179167,0.820831,2e-06
2000-4_airplane_02.wav,12,66.0,72.0,Rumble,0.830497,0.169495,0.830497,8e-06
2000-4_airplane_02.wav,13,72.0,78.0,Rumble,0.729907,0.270093,0.729907,1e-06
2000-4_airplane_02.wav,14,78.0,84.0,Rumble,0.846816,0.153184,0.846816,1e-06
2000-4_airplane_02.wav,15,84.0,90.0,Rumble,0.91382,0.086135,0.91382,4.5e-05
2000-4_airplane_02.wav,16,90.0,96.0,Rumble,0.897106,0.102825,0.897106,6.9e-05
2000-4_airplane_02.wav,17,96.0,102.0,Rumble,0.866966,0.132863,0.866966,0.000171
2000-4_airplane_02.wav,18,102.0,108.0,Rumble,0.87463,0.118992,0.87463,0.006378
2000-4_airplane_02.wav,19,108.0,114.0,Rumble,0.855873,0.139392,0.855873,0.004735
2000-4_airplane_02.wav,20,114.0,120.0,Rumble,0.906362,0.089438,0.906362,0.004199
2000-4_airplane_02.wav,21,120.0,126.0,Rumble,0.814282,0.166696,0.814282,0.019022
2000-4_airplane_02.wav,22,126.0,132.0,Rumble,0.616841,0.338065,0.616841,0.045094
2000-4_airplane_02.wav,23,132.0,138.0,Rumble,0.677002,0.304609,0.677002,0.018389
2000-4_airplane_02.wav,24,138.0,143.317,Rumble,0.68484,0.292958,0.68484,0.022202
2002-2_airplane_01.wav,1,0.0,6.0,Rumble,0.465983,0.391614,0.465983,0.142403
2002-2_airplane_01.wav,2,6.0,12.0,Trumpet,0.474515,0.234469,0.291015,0.474515
2002-2_airplane_01.wav,3,12.0,18.0,Trumpet,0.504928,0.171288,0.323784,0.504928
2002-2_airplane_01.wav,4,18.0,24.0,Rumble,0.705212,0.24334,0.705212,0.051449
2002-2_airplane_01.wav,5,24.0,30.0,Rumble,0.669223,0.330777,0.669223,1e-06
2002-2_airplane_01.wav,6,30.0,36.0,Rumble,0.633227,0.366773,0.633227,0.0
2002-2_airplane_01.wav,7,36.0,42.0,Rumble,0.524308,0.475692,0.524308,0.0
2002-2_airplane_01.wav,8,42.0,48.0,Rumble,0.750876,0.249123,0.750876,0.0
2002-2_airplane_01.wav,9,48.0,54.0,Rumble,0.548828,0.451172,0.548828,0.0
2002-2_airplane_01.wav,10,54.0,60.0,Rumble,0.707976,0.292007,0.707976,1.7e-05
2002-2_airplane_01.wav,11,60.0,66.0,Rumble,0.721721,0.278278,0.721721,1e-06
2002-2_airplane_01.wav,12,66.0,72.0,Rumble,0.879429,0.120504,0.879429,6.6e-05
2002-2_airplane_01.wav,13,72.0,78.0,Rumble,0.841346,0.153874,0.841346,0.004779
2002-2_airplane_01.wav,14,78.0,84.0,Rumble,0.836425,0.144483,0.836425,0.019093
2002-2_airplane_01.wav,15,84.0,90.0,Rumble,0.89025,0.1024,0.89025,0.00735
2002-2_airplane_01.wav,16,90.0,96.0,Rumble,0.926602,0.069748,0.926602,0.003651
2002-2_airplane_01.wav,17,96.0,102.0,Rumble,0.722254,0.062493,0.722254,0.215252
2002-2_airplane_01.wav,18,102.0,108.0,Rumble,0.697113,0.165316,0.697113,0.137571
2002-2_airplane_01.wav,19,108.0,114.0,Rumble,0.619188,0.361971,0.619188,0.018841
2002-2_airplane_01.wav,20,114.0,120.0,Rumble,0.8537,0.144473,0.8537,0.001827
2002-2_airplane_01.wav,21,120.0,126.0,Rumble,0.765242,0.234664,0.765242,9.4e-05
2002-2_airplane_01.wav,22,126.0,132.0,Rumble,0.800654,0.075889,0.800654,0.123456
2002-2_airplane_01.wav,23,132.0,138.0,Rumble,0.633233,0.063683,0.633233,0.303084
2002-2_airplane_01.wav,24,138.0,144.0,Rumble,0.6351,0.058318,0.6351,0.306583
2002-2_airplane_01.wav,25,144.0,150.0,Trumpet,0.496667,0.077754,0.425578,0.496667
2002-2_airplane_01.wav,26,150.0,156.0,Rumble,0.473374,0.168197,0.473374,0.358429
2002-2_airplane_01.wav,27,156.0,162.0,Trumpet,0.773821,0.118758,0.10742,0.773821
2002-2_airplane_01.wav,28,162.0,168.0,Rumble,0.53665,0.05931,0.53665,0.40404
2002-2_airplane_01.wav,29,168.0,174.0,Rumble,0.843445,0.155728,0.843445,0.000828
2002-2_airplane_01.wav,30,174.0,180.0,Rumble,0.751379,0.102776,0.751379,0.145845
2002-2_airplane_01.wav,31,180.0,186.0,Rumble,0.650223,0.165636,0.650223,0.18414
2002-2_airplane_01.wav,32,186.0,192.0,Rumble,0.63228,0.26579,0.63228,0.10193
2002-2_airplane_01.wav,33,192.0,198.0,Rumble,0.632538,0.273029,0.632538,0.094433
2002-2_airplane_01.wav,34,198.0,204.0,Rumble,0.746532,0.180359,0.746532,0.07311
2002-2_airplane_01.wav,35,204.0,207.858,Rumble,0.517506,0.417217,0.517506,0.065276
2003-7_airplane_01.wav,1,0.0,6.0,Rumble,0.710233,0.045686,0.710233,0.244082
2003-7_airplane_01.wav,2,6.0,12.0,Rumble,0.760664,0.066404,0.760664,0.172932
2003-7_airplane_01.wav,3,12.0,18.0,Rumble,0.753708,0.057131,0.753708,0.189162
2003-7_airplane_01.wav,4,18.0,24.0,Rumble,0.809583,0.14849,0.809583,0.041927
2003-7_airplane_01.wav,5,24.0,30.0,Rumble,0.851867,0.137746,0.851867,0.010387
2003-7_airplane_01.wav,6,30.0,36.0,Rumble,0.820612,0.178931,0.820612,0.000456
2003-7_airplane_01.wav,7,36.0,42.0,Rumble,0.891081,0.0899,0.891081,0.01902
2003-7_airplane_01.wav,8,42.0,48.0,Rumble,0.913119,0.08415,0.913119,0.00273
2003-7_airplane_01.wav,9,48.0,54.0,Rumble,0.877133,0.122852,0.877133,1.5e-05
2003-7_airplane_01.wav,10,54.0,60.0,Rumble,0.913942,0.082978,0.913942,0.00308
2003-7_airplane_01.wav,11,60.0,66.0,Rumble,0.863579,0.136413,0.863579,8e-06
2003-7_airplane_01.wav,12,66.0,72.0,Rumble,0.907603,0.09177,0.907603,0.000627
2003-7_airplane_01.wav,13,72.0,78.0,Rumble,0.894591,0.102833,0.894591,0.002576
2003-7_airplane_01.wav,14,78.0,84.0,Rumble,0.713497,0.286502,0.713497,1e-06
2003-7_airplane_01.wav,15,84.0,90.0,Rumble,0.736336,0.263371,0.736336,0.000293
2003-7_airplane_01.wav,16,90.0,96.0,Rumble,0.859754,0.135379,0.859754,0.004866
2003-7_airplane_01.wav,17,96.0,102.0,Rumble,0.810508,0.134126,0.810508,0.055366
2003-7_airplane_01.wav,18,102.0,108.0,Rumble,0.766569,0.056094,0.766569,0.177336
99-22A_airplane_01.wav,1,0.0,6.0,Rumble,0.700117,0.109449,0.700117,0.190434
99-22A_airplane_01.wav,2,6.0,12.0,Trumpet,0.733634,0.203261,0.063105,0.733634
99-22A_airplane_01.wav,3,12.0,18.0,Trumpet,0.505989,0.457028,0.036983,0.505989
99-22A_airplane_01.wav,4,18.0,24.0,Trumpet,0.800288,0.092823,0.106889,0.800288
99-22A_airplane_01.wav,5,24.0,30.0,Trumpet,0.73533,0.123199,0.141471,0.73533
99-22A_airplane_01.wav,6,30.0,36.0,Rumble,0.607171,0.340318,0.607171,0.052511
99-22A_airplane_01.wav,7,36.0,42.0,Roar,0.555932,0.555932,0.160468,0.283599
99-22A_airplane_01.wav,8,42.0,48.0,Rumble,0.691541,0.132889,0.691541,0.175569
99-22A_airplane_01.wav,9,48.0,54.0,Rumble,0.834195,0.10484,0.834195,0.060965
99-22A_airplane_01.wav,10,54.0,60.0,Rumble,0.899179,0.090692,0.899179,0.010129
99-22A_airplane_01.wav,11,60.0,66.0,Rumble,0.904618,0.095207,0.904618,0.000175
99-22A_airplane_01.wav,12,66.0,72.0,Rumble,0.818706,0.181293,0.818706,1e-06
99-22A_airplane_01.wav,13,72.0,78.0,Rumble,0.699223,0.300777,0.699223,0.0
99-22A_airplane_01.wav,14,78.0,84.0,Rumble,0.589576,0.410421,0.589576,3e-06
99-22A_airplane_01.wav,15,84.0,90.0,Roar,0.500582,0.500582,0.499418,0.0
99-22A_airplane_01.wav,16,90.0,96.0,Rumble,0.677255,0.322744,0.677255,0.0
99-22A_airplane_01.wav,17,96.0,102.0,Rumble,0.80684,0.193157,0.80684,3e-06
99-22A_airplane_01.wav,18,102.0,108.0,Rumble,0.881206,0.118445,0.881206,0.000349
99-22A_airplane_01.wav,19,108.0,114.0,Rumble,0.861268,0.138427,0.861268,0.000304
99-22A_airplane_01.wav,20,114.0,120.0,Rumble,0.833287,0.166665,0.833287,4.8e-05
99-22A_airplane_01.wav,21,120.0,126.0,Rumble,0.910119,0.089801,0.910119,8e-05
99-22A_airplane_01.wav,22,126.0,132.0,Rumble,0.92042,0.070664,0.92042,0.008916
99-22A_airplane_01.wav,23,132.0,138.0,Rumble,0.911472,0.077216,0.911472,0.011312
99-22A_airplane_01.wav,24,138.0,144.0,Rumble,0.90496,0.072937,0.90496,0.022103
99-22A_airplane_01.wav,25,144.0,150.0,Rumble,0.904145,0.071551,0.904145,0.024303
99-22A_airplane_01.wav,26,150.0,156.0,Rumble,0.890731,0.094897,0.890731,0.014372
99-22A_airplane_01.wav,27,156.0,162.0,Rumble,0.849133,0.102488,0.849133,0.048379
99-22A_airplane_01.wav,28,162.0,168.0,Rumble,0.846116,0.113527,0.846116,0.040358
99-22A_airplane_01.wav,29,168.0,174.0,Rumble,0.872015,0.107887,0.872015,0.020098
99-22A_airplane_01.wav,30,174.0,180.0,Rumble,0.858555,0.111432,0.858555,0.030012
99-22A_airplane_01.wav,31,180.0,186.0,Rumble,0.817196,0.089143,0.817196,0.093661
99-22A_airplane_01.wav,32,186.0,192.0,Trumpet,0.450628,0.131017,0.418355,0.450628
99-22A_airplane_01.wav,33,192.0,198.0,Rumble,0.817279,0.086969,0.817279,0.095752
99-22A_airplane_01.wav,34,198.0,204.0,Rumble,0.824784,0.164077,0.824784,0.011139
99-22A_airplane_01.wav,35,204.0,210.0,Rumble,0.695523,0.061682,0.695523,0.242794
99-22A_airplane_01.wav,36,210.0,216.0,Rumble,0.752118,0.079417,0.752118,0.168466
99-22A_airplane_01.wav,37,216.0,222.0,Rumble,0.794759,0.129581,0.794759,0.07566
99-22A_airplane_01.wav,38,222.0,228.0,Rumble,0.810389,0.155275,0.810389,0.034337
99-22A_airplane_01.wav,39,228.0,234.0,Rumble,0.814627,0.07514,0.814627,0.110233
99-22A_airplane_01.wav,40,234.0,240.0,Rumble,0.823067,0.080606,0.823067,0.096326
99-22A_airplane_01.wav,41,240.0,246.0,Rumble,0.791315,0.084594,0.791315,0.12409
99-22A_airplane_01.wav,42,246.0,252.0,Rumble,0.722078,0.063364,0.722078,0.214558
99-22A_airplane_01.wav,43,252.0,258.0,Rumble,0.701434,0.053889,0.701434,0.244677
99-22A_airplane_01.wav,44,258.0,264.0,Rumble,0.784346,0.173277,0.784346,0.042377
99-22A_airplane_01.wav,45,264.0,270.0,Rumble,0.758934,0.158402,0.758934,0.082664
99-22A_airplane_01.wav,46,270.0,276.0,Rumble,0.640112,0.048098,0.640112,0.31179
99-22A_airplane_01.wav,47,276.0,282.0,Rumble,0.685341,0.057032,0.685341,0.257626
99-22A_airplane_01.wav,48,282.0,288.0,Rumble,0.693977,0.068885,0.693977,0.237138
99-24_airplane_01.wav,1,0.0,6.0,Rumble,0.596778,0.385743,0.596778,0.017479
99-24_airplane_01.wav,2,6.0,12.0,Rumble,0.576242,0.412412,0.576242,0.011346
99-24_airplane_01.wav,3,12.0,18.0,Rumble,0.587954,0.402603,0.587954,0.009443
99-24_airplane_01.wav,4,18.0,24.0,Rumble,0.584835,0.40749,0.584835,0.007675
99-24_airplane_01.wav,5,24.0,30.0,Rumble,0.62235,0.369779,0.62235,0.007872
99-24_airplane_01.wav,6,30.0,36.0,Rumble,0.64341,0.347293,0.64341,0.009296
99-24_airplane_01.wav,7,36.0,42.0,Rumble,0.727627,0.258861,0.727627,0.013512
99-24_airplane_01.wav,8,42.0,48.0,Rumble,0.788869,0.194541,0.788869,0.01659
99-24_airplane_01.wav,9,48.0,54.0,Rumble,0.766398,0.228918,0.766398,0.004683
99-24_airplane_01.wav,10,54.0,60.0,Rumble,0.678425,0.310441,0.678425,0.011134
99-24_airplane_01.wav,11,60.0,66.0,Rumble,0.602533,0.382312,0.602533,0.015155
99-37_airplane_02.wav,1,0.0,6.0,Rumble,0.743511,0.249571,0.743511,0.006918
99-37_airplane_02.wav,2,6.0,12.0,Rumble,0.848661,0.149159,0.848661,0.00218
99-37_airplane_02.wav,3,12.0,18.0,Rumble,0.800182,0.198959,0.800182,0.000859
99-37_airplane_02.wav,4,18.0,24.0,Rumble,0.822984,0.176961,0.822984,5.4e-05
99-37_airplane_02.wav,5,24.0,30.0,Rumble,0.861756,0.077108,0.861756,0.061136
99-37_airplane_02.wav,6,30.0,36.0,Trumpet,0.917487,0.00649,0.076023,0.917487
99-37_airplane_02.wav,7,36.0,41.129,Trumpet,0.932593,0.006418,0.060989,0.932593
99-37_airplane_and_vehicle_01.wav,1,0.0,6.0,Rumble,0.803257,0.167731,0.803257,0.029012
99-37_airplane_and_vehicle_01.wav,2,6.0,12.0,Rumble,0.709581,0.288344,0.709581,0.002074
99-37_airplane_and_vehicle_01.wav,3,12.0,18.0,Rumble,0.597629,0.402371,0.597629,0.0
99-37_airplane_and_vehicle_01.wav,4,18.0,24.0,Rumble,0.690479,0.309519,0.690479,2e-06
99-37_airplane_and_vehicle_01.wav,5,24.0,30.0,Rumble,0.669674,0.330326,0.669674,0.0
99-37_airplane_and_vehicle_01.wav,6,30.0,36.0,Rumble,0.760093,0.239907,0.760093,0.0
99-37_airplane_and_vehicle_01.wav,7,36.0,42.0,Rumble,0.809055,0.190833,0.809055,0.000111
99-37_airplane_and_vehicle_01.wav,8,42.0,48.0,Rumble,0.856375,0.138771,0.856375,0.004854
99-37_airplane_and_vehicle_01.wav,9,48.0,54.0,Rumble,0.711897,0.283263,0.711897,0.00484
99-37_airplane_and_vehicle_01.wav,10,54.0,60.0,Rumble,0.694391,0.295514,0.694391,0.010096
99-37_airplane_and_vehicle_01.wav,11,60.0,66.0,Rumble,0.796254,0.179336,0.796254,0.02441
99-37_airplane_and_vehicle_01.wav,12,66.0,72.0,Rumble,0.734329,0.254799,0.734329,0.010872
99-37_airplane_and_vehicle_01.wav,13,72.0,78.0,Rumble,0.740267,0.238797,0.740267,0.020936
99-37_airplane_and_vehicle_01.wav,14,78.0,84.0,Rumble,0.562179,0.428632,0.562179,0.009189
99-37_airplane_and_vehicle_01.wav,15,84.0,90.0,Rumble,0.641507,0.347594,0.641507,0.010899
99-37_airplane_and_vehicle_01.wav,16,90.0,96.0,Rumble,0.653421,0.329338,0.653421,0.017241
99-37_airplane_and_vehicle_01.wav,17,96.0,102.0,Rumble,0.817835,0.171921,0.817835,0.010244
99-37_airplane_and_vehicle_01.wav,18,102.0,108.0,Rumble,0.744529,0.241742,0.744529,0.013729
99-37_airplane_and_vehicle_01.wav,19,108.0,114.0,Rumble,0.647147,0.335108,0.647147,0.017745
99-37_airplane_and_vehicle_01.wav,20,114.0,120.0,Rumble,0.685398,0.300452,0.685398,0.01415
99-37_airplane_and_vehicle_01.wav,21,120.0,126.0,Rumble,0.644299,0.345125,0.644299,0.010575
99-37_airplane_and_vehicle_01.wav,22,126.0,132.0,Rumble,0.648671,0.340703,0.648671,0.010626
99-37_airplane_and_vehicle_01.wav,23,132.0,138.0,Rumble,0.710057,0.276205,0.710057,0.013738
99-37_airplane_and_vehicle_01.wav,24,138.0,144.0,Rumble,0.586393,0.402642,0.586393,0.010965
99-37_airplane_and_vehicle_01.wav,25,144.0,150.0,Rumble,0.644283,0.346138,0.644283,0.009579
99-37_airplane_and_vehicle_01.wav,26,150.0,156.0,Rumble,0.709745,0.267754,0.709745,0.022501
99-37_airplane_and_vehicle_01.wav,27,156.0,162.0,Rumble,0.791815,0.183183,0.791815,0.025002
99-37_airplane_and_vehicle_01.wav,28,162.0,168.0,Rumble,0.811485,0.157587,0.811485,0.030928
99-37_airplane_and_vehicle_01.wav,29,168.0,174.0,Rumble,0.818288,0.151088,0.818288,0.030624
99-37_airplane_and_vehicle_01.wav,30,174.0,180.0,Rumble,0.831128,0.097156,0.831128,0.071716
99-37_airplane_and_vehicle_01.wav,31,180.0,186.0,Rumble,0.825778,0.124702,0.825778,0.04952
99-37_airplane_and_vehicle_01.wav,32,186.0,192.0,Rumble,0.800377,0.103693,0.800377,0.09593
99-37_airplane_and_vehicle_01.wav,33,192.0,198.0,Rumble,0.856585,0.092913,0.856585,0.050502
99-37_airplane_and_vehicle_01.wav,34,198.0,204.0,Rumble,0.833484,0.135168,0.833484,0.031348
99-37_airplane_and_vehicle_01.wav,35,204.0,210.0,Rumble,0.787496,0.186885,0.787496,0.025618
99-37_airplane_and_vehicle_01.wav,36,210.0,216.0,Rumble,0.731183,0.243557,0.731183,0.025261
99-37_airplane_and_vehicle_01.wav,37,216.0,222.0,Rumble,0.772981,0.201175,0.772981,0.025845
99-37_airplane_and_vehicle_01.wav,38,222.0,228.0,Rumble,0.763741,0.209426,0.763741,0.026833
99-37_vehicle_01.wav,1,0.0,6.0,Rumble,0.684633,0.296103,0.684633,0.019264
99-37_vehicle_01.wav,2,6.0,12.0,Rumble,0.702387,0.279198,0.702387,0.018414
99-37_vehicle_01.wav,3,12.0,18.0,Rumble,0.707331,0.273048,0.707331,0.019622
99-37_vehicle_01.wav,4,18.0,24.0,Rumble,0.688048,0.296168,0.688048,0.015783
99-37_vehicle_01.wav,5,24.0,30.0,Rumble,0.682356,0.298786,0.682356,0.018858
99-37_vehicle_01.wav,6,30.0,36.0,Rumble,0.683578,0.293614,0.683578,0.022809
99-45_airplane_01.wav,1,0.0,6.0,Rumble,0.738899,0.05668,0.738899,0.204421
99-45_airplane_01.wav,2,6.0,12.0,Rumble,0.738376,0.05905,0.738376,0.202574
99-45_airplane_01.wav,3,12.0,18.0,Rumble,0.817428,0.086022,0.817428,0.096549
99-45_airplane_01.wav,4,18.0,24.0,Rumble,0.826644,0.095194,0.826644,0.078162
99-45_airplane_01.wav,5,24.0,30.0,Rumble,0.830088,0.098138,0.830088,0.071774
99-45_airplane_01.wav,6,30.0,36.0,Rumble,0.864447,0.119727,0.864447,0.015825
99-45_airplane_01.wav,7,36.0,42.0,Rumble,0.879135,0.120846,0.879135,1.9e-05
99-45_airplane_01.wav,8,42.0,48.0,Rumble,0.851614,0.120997,0.851614,0.027389
99-45_airplane_01.wav,9,48.0,54.0,Rumble,0.863529,0.098778,0.863529,0.037693
99-45_airplane_01.wav,10,54.0,60.0,Rumble,0.874979,0.12473,0.874979,0.000292
99-45_airplane_01.wav,11,60.0,66.0,Rumble,0.877852,0.12202,0.877852,0.000128
99-45_airplane_01.wav,12,66.0,72.0,Rumble,0.88177,0.118085,0.88177,0.000145
99-45_airplane_01.wav,13,72.0,78.0,Rumble,0.881005,0.118841,0.881005,0.000155
99-45_airplane_01.wav,14,78.0,84.0,Rumble,0.887583,0.112313,0.887583,0.000105
99-45_airplane_01.wav,15,84.0,90.0,Rumble,0.870288,0.129675,0.870288,3.7e-05
99-45_airplane_01.wav,16,90.0,96.0,Rumble,0.874875,0.125049,0.874875,7.6e-05
99-45_airplane_01.wav,17,96.0,102.0,Rumble,0.881931,0.117991,0.881931,7.8e-05
99-45_airplane_01.wav,18,102.0,108.0,Rumble,0.757598,0.242356,0.757598,4.6e-05
99-45_airplane_01.wav,19,108.0,114.0,Rumble,0.881389,0.118594,0.881389,1.8e-05
99-45_airplane_01.wav,20,114.0,120.0,Rumble,0.888544,0.111444,0.888544,1.2e-05
99-45_airplane_01.wav,21,120.0,126.0,Rumble,0.874175,0.125757,0.874175,6.8e-05
99-45_airplane_01.wav,22,126.0,132.0,Rumble,0.864993,0.134993,0.864993,1.3e-05
99-45_airplane_01.wav,23,132.0,138.0,Rumble,0.876619,0.123286,0.876619,9.4e-05
99-45_airplane_01.wav,24,138.0,144.0,Rumble,0.921709,0.077819,0.921709,0.000472
99-45_airplane_01.wav,25,144.0,150.0,Rumble,0.877778,0.12212,0.877778,0.000102
99-45_airplane_01.wav,26,150.0,156.0,Rumble,0.881245,0.115529,0.881245,0.003225
99-45_airplane_01.wav,27,156.0,162.0,Rumble,0.910051,0.083543,0.910051,0.006406
99-45_airplane_01.wav,28,162.0,168.0,Rumble,0.887529,0.083031,0.887529,0.02944
99-45_airplane_01.wav,29,168.0,174.0,Rumble,0.881447,0.099871,0.881447,0.018682
99-45_airplane_01.wav,30,174.0,180.0,Rumble,0.851955,0.131346,0.851955,0.016698
99-45_airplane_01.wav,31,180.0,186.0,Rumble,0.879307,0.092267,0.879307,0.028426
99-45_airplane_01.wav,32,186.0,192.0,Rumble,0.874875,0.08072,0.874875,0.044405
99-45_airplane_01.wav,33,192.0,198.0,Rumble,0.85481,0.099852,0.85481,0.045338
99-45_airplane_01.wav,34,198.0,204.0,Rumble,0.883628,0.087107,0.883628,0.029265
99-45_airplane_01.wav,35,204.0,210.0,Rumble,0.871212,0.107902,0.871212,0.020886
99-45_airplane_01.wav,36,210.0,216.0,Rumble,0.877444,0.108712,0.877444,0.013845
99-45_airplane_01.wav,37,216.0,222.0,Rumble,0.792116,0.115717,0.792116,0.092168
99-45_airplane_01.wav,38,222.0,228.0,Rumble,0.795313,0.172514,0.795313,0.032173
99-45_airplane_01.wav,39,228.0,234.0,Rumble,0.799862,0.161427,0.799862,0.038711
99-45_airplane_01.wav,40,234.0,239.413,Rumble,0.79497,0.141971,0.79497,0.063058
99-45_airplane_03.wav,1,0.0,6.0,Rumble,0.789581,0.14621,0.789581,0.064209
99-45_airplane_03.wav,2,6.0,12.0,Rumble,0.752836,0.073618,0.752836,0.173546
99-45_airplane_03.wav,3,12.0,18.0,Rumble,0.804202,0.089866,0.804202,0.105932
99-45_airplane_03.wav,4,18.0,24.0,Rumble,0.803769,0.159608,0.803769,0.036623
99-45_airplane_03.wav,5,24.0,30.0,Rumble,0.8057,0.136049,0.8057,0.05825
99-45_airplane_03.wav,6,30.0,36.0,Rumble,0.820065,0.128447,0.820065,0.051488
99-45_airplane_03.wav,7,36.0,42.0,Rumble,0.830201,0.163951,0.830201,0.005847
99-45_airplane_03.wav,8,42.0,48.0,Rumble,0.865993,0.133681,0.865993,0.000326
99-45_airplane_03.wav,9,48.0,54.0,Rumble,0.823302,0.155317,0.823302,0.021381
99-45_airplane_03.wav,10,54.0,60.0,Rumble,0.86999,0.121458,0.86999,0.008553
99-45_airplane_03.wav,11,60.0,66.0,Rumble,0.863303,0.134715,0.863303,0.001981
99-45_airplane_03.wav,12,66.0,72.0,Rumble,0.821755,0.176923,0.821755,0.001323
99-45_airplane_03.wav,13,72.0,78.0,Rumble,0.850862,0.148419,0.850862,0.00072
99-45_airplane_03.wav,14,78.0,84.0,Rumble,0.852849,0.146972,0.852849,0.000179
99-45_airplane_03.wav,15,84.0,90.0,Rumble,0.796655,0.200526,0.796655,0.002819
99-45_airplane_03.wav,16,90.0,96.0,Rumble,0.869152,0.13066,0.869152,0.000188
99-45_airplane_03.wav,17,96.0,102.0,Rumble,0.894595,0.105287,0.894595,0.000118
99-45_airplane_03.wav,18,102.0,108.0,Rumble,0.776717,0.221716,0.776717,0.001568
99-45_airplane_03.wav,19,108.0,114.0,Rumble,0.869362,0.130014,0.869362,0.000624
99-45_airplane_03.wav,20,114.0,120.0,Rumble,0.921778,0.078113,0.921778,0.00011
99-45_airplane_03.wav,21,120.0,126.0,Rumble,0.886243,0.113379,0.886243,0.000378
99-45_airplane_03.wav,22,126.0,132.0,Rumble,0.894379,0.105344,0.894379,0.000277
99-45_airplane_03.wav,23,132.0,138.0,Rumble,0.900772,0.099129,0.900772,9.9e-05
99-45_airplane_03.wav,24,138.0,144.0,Rumble,0.858612,0.137728,0.858612,0.00366
99-45_airplane_03.wav,25,144.0,150.0,Rumble,0.920946,0.078494,0.920946,0.00056
99-45_airplane_03.wav,26,150.0,156.0,Rumble,0.846039,0.152769,0.846039,0.001192
99-45_airplane_03.wav,27,156.0,162.0,Rumble,0.870984,0.119093,0.870984,0.009923
99-45_airplane_03.wav,28,162.0,168.0,Rumble,0.860752,0.118002,0.860752,0.021246
99-45_airplane_03.wav,29,168.0,174.0,Rumble,0.83183,0.152302,0.83183,0.015868
99-45_airplane_03.wav,30,174.0,180.0,Rumble,0.832537,0.15098,0.832537,0.016483
99-45_airplane_03.wav,31,180.0,186.0,Rumble,0.816137,0.170889,0.816137,0.012974
99-45_airplane_03.wav,32,186.0,192.0,Rumble,0.859724,0.097934,0.859724,0.042342
99-45_airplane_03.wav,33,192.0,198.0,Rumble,0.817444,0.159351,0.817444,0.023205
99-45_airplane_03.wav,34,198.0,204.0,Rumble,0.832689,0.137013,0.832689,0.030298
99-45_airplane_03.wav,35,204.0,210.0,Rumble,0.848045,0.121893,0.848045,0.030062
99-45_airplane_03.wav,36,210.0,216.0,Rumble,0.828261,0.159677,0.828261,0.012062
99-45_airplane_03.wav,37,216.0,222.0,Rumble,0.816738,0.157142,0.816738,0.02612
99-45_airplane_03.wav,38,222.0,228.0,Rumble,0.791288,0.1676,0.791288,0.041112
99-45_airplane_03.wav,39,228.0,234.0,Rumble,0.751743,0.220684,0.751743,0.027572
99-45_airplane_03.wav,40,234.0,240.0,Rumble,0.746841,0.22903,0.746841,0.024129
99-45_airplane_03.wav,41,240.0,246.0,Rumble,0.789932,0.109631,0.789932,0.100438
99-45_airplane_03.wav,42,246.0,252.0,Rumble,0.772527,0.180924,0.772527,0.046549
99-45_airplane_03.wav,43,252.0,258.0,Rumble,0.771524,0.19027,0.771524,0.038206
99-45_airplane_03.wav,44,258.0,262.077,Rumble,0.698203,0.237409,0.698203,0.064388
99-45_vehicle_01.wav,1,0.0,6.0,Rumble,0.827347,0.097229,0.827347,0.075425
99-45_vehicle_01.wav,2,6.0,12.0,Rumble,0.741778,0.18523,0.741778,0.072993
99-45_vehicle_01.wav,3,12.0,18.0,Rumble,0.879088,0.119577,0.879088,0.001335
99-45_vehicle_01.wav,4,18.0,24.0,Rumble,0.834974,0.111761,0.834974,0.053265
99-45_vehicle_01.wav,5,24.0,30.0,Rumble,0.872569,0.116152,0.872569,0.011279
99-45_vehicle_01.wav,6,30.0,36.0,Rumble,0.872351,0.098829,0.872351,0.02882
99-45_vehicle_01.wav,7,36.0,42.0,Rumble,0.817912,0.14895,0.817912,0.033138
99-45_vehicle_01.wav,8,42.0,48.0,Rumble,0.80848,0.186639,0.80848,0.004881
99-45_vehicle_01.wav,9,48.0,54.0,Rumble,0.835092,0.131132,0.835092,0.033775
99-45_vehicle_01.wav,10,54.0,60.0,Rumble,0.766794,0.141734,0.766794,0.091473
99-45_vehicle_01.wav,11,60.0,66.0,Rumble,0.80655,0.112786,0.80655,0.080664
99-45_vehicle_01.wav,12,66.0,72.0,Rumble,0.866658,0.112582,0.866658,0.02076
99-45_vehicle_01.wav,13,72.0,78.0,Rumble,0.88934,0.10595,0.88934,0.00471
99-45_vehicle_01.wav,14,78.0,84.0,Rumble,0.882926,0.100392,0.882926,0.016682
99-45_vehicle_01.wav,15,84.0,90.0,Rumble,0.877232,0.114295,0.877232,0.008473
99-45_vehicle_01.wav,16,90.0,96.0,Rumble,0.890906,0.08446,0.890906,0.024635
99-45_vehicle_01.wav,17,96.0,102.0,Rumble,0.864033,0.099758,0.864033,0.03621
99-45_vehicle_01.wav,18,102.0,108.0,Rumble,0.87609,0.094327,0.87609,0.029583
99-45_vehicle_01.wav,19,108.0,114.0,Rumble,0.784603,0.212267,0.784603,0.00313
99-45_vehicle_01.wav,20,114.0,120.0,Rumble,0.87779,0.073787,0.87779,0.048423
99-45_vehicle_01.wav,21,120.0,126.0,Rumble,0.771241,0.067123,0.771241,0.161636
99-45_vehicle_01.wav,22,126.0,132.0,Rumble,0.847873,0.065746,0.847873,0.086382
99-45_vehicle_01.wav,23,132.0,138.0,Rumble,0.79921,0.200057,0.79921,0.000733
99-45_vehicle_01.wav,24,138.0,144.0,Rumble,0.719359,0.147744,0.719359,0.132897
99-45_vehicle_01.wav,25,144.0,150.0,Rumble,0.761566,0.125378,0.761566,0.113055
99-45_vehicle_01.wav,26,150.0,156.0,Rumble,0.574294,0.072272,0.574294,0.353434
99-45_vehicle_01.wav,27,156.0,162.0,Rumble,0.781327,0.10585,0.781327,0.112823
99-45_vehicle_01.wav,28,162.0,168.0,Rumble,0.795978,0.091308,0.795978,0.112714
99-45_vehicle_01.wav,29,168.0,174.0,Rumble,0.770077,0.07603,0.770077,0.153893
99-45_vehicle_01.wav,30,174.0,180.0,Rumble,0.853198,0.12132,0.853198,0.025482
99-45_vehicle_01.wav,31,180.0,186.0,Rumble,0.746128,0.047008,0.746128,0.206864
99-45_vehicle_01.wav,32,186.0,192.0,Rumble,0.787661,0.069925,0.787661,0.142415
99-45_vehicle_01.wav,33,192.0,198.0,Rumble,0.768954,0.091444,0.768954,0.139601
99-45_vehicle_01.wav,34,198.0,204.0,Rumble,0.906439,0.084039,0.906439,0.009522
99-45_vehicle_01.wav,35,204.0,210.0,Rumble,0.835896,0.113478,0.835896,0.050626
99-45_vehicle_01.wav,36,210.0,216.0,Rumble,0.480781,0.211957,0.480781,0.307262
99-45_vehicle_01.wav,37,216.0,222.0,Rumble,0.778662,0.217944,0.778662,0.003394
99-45_vehicle_01.wav,38,222.0,228.0,Rumble,0.869747,0.068986,0.869747,0.061266
99-45_vehicle_01.wav,39,228.0,234.0,Rumble,0.865812,0.123107,0.865812,0.011081
99-45_vehicle_01.wav,40,234.0,240.0,Rumble,0.885005,0.105526,0.885005,0.009469
99-45_vehicle_01.wav,41,240.0,246.0,Rumble,0.756278,0.243682,0.756278,4e-05
99-45_vehicle_01.wav,42,246.0,252.0,Rumble,0.826481,0.169858,0.826481,0.003662
99-45_vehicle_01.wav,43,252.0,258.0,Rumble,0.836301,0.162602,0.836301,0.001097
99-45_vehicle_01.wav,44,258.0,264.0,Rumble,0.639026,0.360968,0.639026,7e-06
99-45_vehicle_01.wav,45,264.0,270.0,Rumble,0.663372,0.336619,0.663372,9e-06
99-45_vehicle_01.wav,46,270.0,276.0,Rumble,0.82938,0.167469,0.82938,0.003152
99-45_vehicle_01.wav,47,276.0,282.0,Rumble,0.81841,0.181266,0.81841,0.000324
99-45_vehicle_01.wav,48,282.0,288.0,Rumble,0.881895,0.088064,0.881895,0.030041
99-45_vehicle_01.wav,49,288.0,294.0,Rumble,0.890455,0.073894,0.890455,0.035651
99-45_vehicle_01.wav,50,294.0,300.0,Rumble,0.85891,0.079238,0.85891,0.061852
99-45_vehicle_01.wav,51,300.0,306.0,Rumble,0.855055,0.084164,0.855055,0.060781
99-45_vehicle_01.wav,52,306.0,312.0,Rumble,0.870428,0.071502,0.870428,0.058071
99-45_vehicle_01.wav,53,312.0,318.0,Rumble,0.788054,0.159855,0.788054,0.052091
99-45_vehicle_01.wav,54,318.0,324.0,Rumble,0.738515,0.260805,0.738515,0.00068
99-45_vehicle_01.wav,55,324.0,330.0,Rumble,0.900494,0.08392,0.900494,0.015586
99-45_vehicle_01.wav,56,330.0,336.0,Rumble,0.878649,0.110097,0.878649,0.011254
99-45_vehicle_01.wav,57,336.0,342.0,Rumble,0.865457,0.067417,0.865457,0.067126
99-45_vehicle_01.wav,58,342.0,348.0,Rumble,0.859521,0.062809,0.859521,0.07767
99-45_vehicle_01.wav,59,348.0,354.0,Rumble,0.882058,0.104925,0.882058,0.013017
99-45_vehicle_01.wav,60,354.0,360.0,Rumble,0.880341,0.067459,0.880341,0.0522
99-45_vehicle_01.wav,61,360.0,366.0,Rumble,0.822657,0.106057,0.822657,0.071286
99-45_vehicle_01.wav,62,366.0,372.0,Rumble,0.891759,0.077523,0.891759,0.030718
99-45_vehicle_01.wav,63,372.0,378.0,Rumble,0.869179,0.067419,0.869179,0.063403
99-45_vehicle_02.wav,1,0.0,6.0,Rumble,0.716262,0.080943,0.716262,0.202795
99-45_vehicle_02.wav,2,6.0,12.0,Rumble,0.805305,0.152082,0.805305,0.042612
99-45_vehicle_02.wav,3,12.0,18.0,Rumble,0.796175,0.191658,0.796175,0.012167
99-45_vehicle_02.wav,4,18.0,24.0,Rumble,0.720098,0.279902,0.720098,0.0
99-45_vehicle_02.wav,5,24.0,30.0,Rumble,0.829711,0.157979,0.829711,0.01231
99-45_vehicle_02.wav,6,30.0,36.0,Rumble,0.870452,0.089491,0.870452,0.040058
99-45_vehicle_02.wav,7,36.0,42.0,Rumble,0.860491,0.109414,0.860491,0.030095
99-45_vehicle_02.wav,8,42.0,48.0,Rumble,0.889229,0.080659,0.889229,0.030112
99-45_vehicle_02.wav,9,48.0,54.0,Rumble,0.676509,0.099516,0.676509,0.223976
99-45_vehicle_02.wav,10,54.0,60.0,Rumble,0.877754,0.08355,0.877754,0.038696
99-45_vehicle_02.wav,11,60.0,66.0,Rumble,0.892965,0.084458,0.892965,0.022577
99-45_vehicle_02.wav,12,66.0,72.0,Rumble,0.874693,0.095335,0.874693,0.029972
99-45_vehicle_02.wav,13,72.0,78.0,Rumble,0.838213,0.105844,0.838213,0.055944
99-45_vehicle_02.wav,14,78.0,84.0,Rumble,0.816089,0.182137,0.816089,0.001774
99-45_vehicle_02.wav,15,84.0,90.0,Rumble,0.802214,0.179193,0.802214,0.018593
99-45_vehicle_02.wav,16,90.0,96.0,Rumble,0.827013,0.140655,0.827013,0.032331
99-45_vehicle_02.wav,17,96.0,102.0,Rumble,0.852688,0.134731,0.852688,0.012581
99-45_vehicle_02.wav,18,102.0,108.0,Rumble,0.852037,0.129958,0.852037,0.018005
99-45_vehicle_02.wav,19,108.0,114.0,Rumble,0.384866,0.37192,0.384866,0.243214
99-45_vehicle_02.wav,20,114.0,120.0,Roar,0.565313,0.565313,0.434628,5.9e-05
99-45_vehicle_02.wav,21,120.0,126.0,Rumble,0.711882,0.287906,0.711882,0.000212
99-45_vehicle_02.wav,22,126.0,132.0,Trumpet,0.997349,0.002651,0.0,0.997349
99-45_vehicle_02.wav,23,132.0,138.0,Rumble,0.756712,0.057595,0.756712,0.185693
99-45_vehicle_02.wav,24,138.0,144.0,Rumble,0.809966,0.134027,0.809966,0.056007
99-45_vehicle_02.wav,25,144.0,148.963,Rumble,0.713684,0.256958,0.713684,0.029357
J86-1_airplane_01.wav,1,0.0,6.0,Rumble,0.698171,0.28167,0.698171,0.020159
J86-1_airplane_01.wav,2,6.0,12.0,Rumble,0.696702,0.2771,0.696702,0.026198
J86-1_airplane_01.wav,3,12.0,18.0,Rumble,0.757299,0.2426,0.757299,0.000102
J86-1_airplane_01.wav,4,18.0,24.0,Rumble,0.555953,0.443489,0.555953,0.000558
J86-1_airplane_01.wav,5,24.0,30.0,Rumble,0.53586,0.464001,0.53586,0.000139
J86-1_airplane_01.wav,6,30.0,36.0,Roar,0.579851,0.579851,0.420148,1e-06
J86-1_airplane_01.wav,7,36.0,42.0,Rumble,0.698918,0.301001,0.698918,8e-05
J86-1_airplane_01.wav,8,42.0,48.0,Rumble,0.67311,0.326661,0.67311,0.000229
J86-1_airplane_01.wav,9,48.0,54.0,Rumble,0.680497,0.319424,0.680497,7.9e-05
J86-1_airplane_01.wav,10,54.0,60.0,Rumble,0.701559,0.297484,0.701559,0.000958
J86-1_airplane_01.wav,11,60.0,66.0,Rumble,0.693086,0.305045,0.693086,0.001869
J86-1_airplane_01.wav,12,66.0,72.0,Rumble,0.699101,0.298197,0.699101,0.002701
J86-1_airplane_01.wav,13,72.0,78.0,Rumble,0.744239,0.25344,0.744239,0.002321
J86-1_airplane_01.wav,14,78.0,84.0,Rumble,0.746415,0.249451,0.746415,0.004134
J86-1_airplane_01.wav,15,84.0,90.0,Rumble,0.78422,0.211754,0.78422,0.004025
J86-1_airplane_01.wav,16,90.0,96.0,Rumble,0.745795,0.252573,0.745795,0.001631
J86-1_airplane_01.wav,17,96.0,102.0,Rumble,0.703313,0.294156,0.703313,0.002531
J86-1_airplane_01.wav,18,102.0,108.0,Rumble,0.770397,0.225832,0.770397,0.003771
J86-1_airplane_01.wav,19,108.0,114.0,Rumble,0.807388,0.190906,0.807388,0.001706
J86-1_airplane_01.wav,20,114.0,120.0,Rumble,0.758344,0.239156,0.758344,0.0025
J86-1_airplane_01.wav,21,120.0,126.0,Rumble,0.806948,0.192775,0.806948,0.000277
J86-1_airplane_01.wav,22,126.0,132.0,Rumble,0.825822,0.173277,0.825822,0.000901
J86-1_airplane_01.wav,23,132.0,138.0,Rumble,0.811878,0.18637,0.811878,0.001753
J86-1_airplane_01.wav,24,138.0,144.0,Rumble,0.845318,0.152886,0.845318,0.001796
J86-1_airplane_01.wav,25,144.0,150.0,Rumble,0.899072,0.100087,0.899072,0.00084
J86-1_airplane_01.wav,26,150.0,156.0,Rumble,0.8838,0.114597,0.8838,0.001603
J86-1_airplane_01.wav,27,156.0,162.0,Rumble,0.764309,0.231408,0.764309,0.004283
J86-1_airplane_01.wav,28,162.0,168.0,Rumble,0.756351,0.238796,0.756351,0.004853
J86-1_airplane_01.wav,29,168.0,174.0,Rumble,0.728906,0.266977,0.728906,0.004118
J86-1_airplane_01.wav,30,174.0,180.0,Rumble,0.814549,0.17597,0.814549,0.00948
J86-1_airplane_01.wav,31,180.0,186.0,Rumble,0.776573,0.221012,0.776573,0.002416
J86-1_airplane_01.wav,32,186.0,192.0,Rumble,0.823533,0.175939,0.823533,0.000528
J86-1_airplane_01.wav,33,192.0,198.0,Rumble,0.877217,0.122211,0.877217,0.000572
J86-1_airplane_01.wav,34,198.0,204.0,Roar,0.975967,0.975967,0.023549,0.000484
J86-1_airplane_01.wav,35,204.0,210.0,Rumble,0.756932,0.211072,0.756932,0.031996
J86-1_airplane_01.wav,36,210.0,215.452,Rumble,0.84752,0.102775,0.84752,0.049705
J87-27_airplane_01.wav,1,0.0,6.0,Rumble,0.688386,0.310355,0.688386,0.001259
J87-27_airplane_01.wav,2,6.0,12.0,Rumble,0.683599,0.315075,0.683599,0.001326
J87-27_airplane_01.wav,3,12.0,18.0,Rumble,0.680565,0.316532,0.680565,0.002904
J87-27_airplane_01.wav,4,18.0,24.0,Rumble,0.616357,0.377637,0.616357,0.006006
J87-27_airplane_01.wav,5,24.0,30.0,Rumble,0.674816,0.318711,0.674816,0.006473
J87-27_airplane_01.wav,6,30.0,36.0,Rumble,0.727903,0.26641,0.727903,0.005687
J87-27_airplane_01.wav,7,36.0,42.0,Rumble,0.8296,0.168394,0.8296,0.002006
J87-27_airplane_01.wav,8,42.0,48.0,Rumble,0.843255,0.153093,0.843255,0.003652
J87-27_airplane_01.wav,9,48.0,54.0,Rumble,0.832514,0.162006,0.832514,0.00548
J87-27_airplane_01.wav,10,54.0,60.0,Rumble,0.824835,0.162903,0.824835,0.012261
J87-27_airplane_01.wav,11,60.0,66.0,Rumble,0.718344,0.275267,0.718344,0.00639
J87-27_airplane_01.wav,12,66.0,72.0,Rumble,0.604974,0.391777,0.604974,0.003249
J87-27_airplane_01.wav,13,72.0,78.0,Rumble,0.698835,0.300167,0.698835,0.000998
J87-27_airplane_01.wav,14,78.0,84.0,Rumble,0.697535,0.302045,0.697535,0.00042
J87-27_airplane_01.wav,15,84.0,90.0,Rumble,0.714489,0.283249,0.714489,0.002262
J87-27_airplane_01.wav,16,90.0,96.0,Rumble,0.64389,0.351994,0.64389,0.004116
